﻿Date,U.S. Field Production of Crude Oil (Thousand Barrels),East Coast (PADD 1) Field Production of Crude Oil (Thousand Barrels),Florida Field Production of Crude Oil (Thousand Barrels),New York Field Production of Crude Oil (Thousand Barrels),Pennsylvania Field Production of Crude Oil (Thousand Barrels),Virginia Field Production of Crude Oil (Thousand Barrels),West Virginia Field Production of Crude Oil (Thousand Barrels),Midwest (PADD 2) Field Production of Crude Oil (Thousand Barrels),Illinois Field Production of Crude Oil (Thousand Barrels),Indiana Field Production of Crude Oil (Thousand Barrels),Kansas Field Production of Crude Oil (Thousand Barrels),Kentucky Field Production of Crude Oil (Thousand Barrels),Michigan Field Production of Crude Oil (Thousand Barrels),Missouri Field Production of Crude Oil (Thousand Barrels),Nebraska Field Production of Crude Oil (Thousand Barrels),North Dakota Field Production of Crude Oil (Thousand Barrels),Ohio Field Production of Crude Oil (Thousand Barrels),Oklahoma Field Production of Crude Oil (Thousand Barrels),South Dakota Field Production of Crude Oil (Thousand Barrels),Tennessee Field Production of Crude Oil (Thousand Barrels),Gulf Coast (PADD 3) Field Production of Crude Oil (Thousand Barrels),Alabama Field Production of Crude Oil (Thousand Barrels),Arkansas Field Production of Crude Oil (Thousand Barrels),Louisiana Field Production of Crude Oil (Thousand Barrels),Mississippi Field Production of Crude Oil (Thousand Barrels),New Mexico Field Production of Crude Oil (Thousand Barrels),Texas Field Production of Crude Oil (Thousand Barrels),Federal Offshore--Gulf of Mexico Field Production of Crude Oil (Thousand Barrels),Rocky Mountain (PADD 4) Field Production of Crude Oil (Thousand Barrels),Colorado Field Production of Crude Oil (Thousand Barrels),Montana Field Production of Crude Oil (Thousand Barrels),Utah Field Production of Crude Oil (Thousand Barrels),Wyoming Field Production of Crude Oil (Thousand Barrels),West Coast (PADD 5) Field Production of Crude Oil (Thousand Barrels),Alaska Field Production of Crude Oil (Thousand Barrels),Alaska South Field Production of Crude Oil (Thousand Barrels),Alaska North Slope Crude Oil Production (Thousand Barrels),Arizona Field Production of Crude Oil (Thousand Barrels),California Field Production of Crude Oil (Thousand Barrels),Nevada Field Production of Crude Oil (Thousand Barrels),Federal Offshore PADD 5 Field Production of Crude Oil (Thousand Barrels),
Jan-1981,264736,4243,3606,71,317,1,248,28698,2000,438,5151,486,2827,19,554,3787,1148,12139,78,71,132577,1940,1552,17316,2708,6286,80609,22166,18161,2506,2416,2150,11089,81057,49789,2880,46909,28,30297,69,874,
Feb-1981,240914,3751,3162,68,286,1,234,27285,1775,374,4727,465,2493,17,504,3493,1036,12268,60,73,119414,1661,1400,15648,2437,5593,72591,20084,16783,2255,2342,2170,10016,73681,45346,2517,42829,24,27455,56,800,
Mar-1981,267003,3872,3167,71,317,1,316,30245,1960,435,5546,531,2807,19,566,3790,1148,13290,74,79,132899,1715,1576,17431,2871,6105,80734,22467,18358,2527,2592,2150,11089,81629,50150,2643,47507,23,30515,58,883,
Apr-1981,256708,3681,3064,69,306,1,241,28789,2040,402,5524,555,2720,19,560,3805,1111,11905,79,69,127524,1647,1486,16792,2763,5902,77344,21590,17870,2478,2501,2160,10731,78844,48235,2558,45677,28,29540,57,984,
May-1981,263541,3735,3052,71,317,1,294,30033,2095,400,5400,530,2763,19,554,3974,1148,13000,79,71,129558,1620,1576,17344,2894,6053,79890,20181,18363,2498,2626,2150,11089,81852,48977,2633,46344,30,31203,56,1586,
Jun-1981,258859,3510,2856,69,306,1,278,29710,1930,410,5493,635,2682,19,548,3839,1111,12891,79,73,126566,1767,1486,16385,2732,5767,77030,21399,17906,2445,2570,2160,10731,81167,48967,2642,46325,29,30366,57,1748,
Jul-1981,263498,3515,2833,71,317,1,293,28674,2030,419,5438,590,2779,19,548,3841,1148,11698,85,79,129775,1804,1576,16650,2837,5937,78640,22331,18363,2523,2601,2150,11089,83171,49761,2654,47107,29,31383,56,1942,
Aug-1981,266069,3306,2650,71,317,1,267,30946,2090,428,5643,546,2775,19,578,3836,1148,13719,86,78,130475,1764,1576,16671,3006,6012,78356,23090,18364,2495,2630,2150,11089,82978,49675,2558,47117,33,31158,58,2054,
Sep-1981,258120,3276,2612,69,306,1,288,30472,1980,406,5584,558,2739,19,560,3789,1111,13565,84,77,125898,1732,1486,16174,2915,5834,76017,21740,17868,2464,2513,2160,10731,80606,48212,2453,45759,31,30184,60,2119,
Oct-1981,265450,3522,2709,71,317,1,424,30406,2050,323,5787,547,2741,19,580,3879,1148,13165,85,82,129735,1624,1576,16503,3053,6058,78364,22557,18740,2774,2727,2150,11089,83047,49491,2601,46890,33,31316,58,2149,
Nov-1981,257579,3205,2563,69,306,1,266,29798,2025,404,5566,558,2617,19,547,3626,1147,13125,84,80,125257,1659,1486,16090,2976,5853,75135,22058,18093,2630,2572,2160,10731,81226,48427,2440,45987,35,30525,60,2179,
Dec-1981,266147,3213,2499,71,317,2,324,30597,2115,282,5951,547,2722,19,572,3765,1147,13291,100,86,129573,1747,1576,16575,3012,6168,77640,22855,18670,2708,2723,2150,11089,84094,50307,2493,47814,34,31428,55,2270,
Jan-1982,263793,3066,2378,71,364,4,249,29383,1857,472,5521,489,2427,17,561,3543,1237,13092,97,70,127644,1635,1601,15735,2784,6002,77306,22581,17142,2609,2538,1948,10047,86558,52846,2396,50450,30,31352,55,2275,
Feb-1982,243661,2807,2154,65,330,4,254,29602,1684,427,5119,496,2624,15,533,3409,1118,14030,86,61,116957,1603,1446,14703,2506,5486,70503,20710,15623,2352,2436,1760,9075,78672,47783,2127,45656,27,28702,46,2114,
Mar-1982,268687,3096,2381,71,364,4,276,31623,2362,472,6200,617,2696,17,606,3807,1237,13425,105,79,130347,1687,1601,16476,2842,6183,78298,23260,17360,2725,2640,1948,10047,86261,52591,2329,50262,29,31271,54,2316,
Apr-1982,257738,2849,2154,68,351,4,272,28328,2258,458,5965,607,2508,17,593,3740,1198,10795,101,88,126047,1567,1549,15878,2510,6048,75983,22512,16832,2639,2584,1885,9724,83682,50743,2225,48518,29,30572,48,2290,
May-1982,269186,2884,2204,71,364,4,241,31887,2221,472,5935,601,2517,17,595,3932,1237,14153,99,108,130230,1769,1601,16233,2850,6059,77507,24211,17251,2654,2602,1948,10047,86934,52921,2300,50621,29,31639,47,2298,
Jun-1982,259383,2795,2141,68,351,5,230,31563,2370,458,6055,636,2828,17,569,3905,1198,13316,101,110,125199,1710,1549,15611,2779,5828,74349,23373,16792,2621,2562,1885,9724,83034,49951,2244,47707,27,30756,47,2253,
Jul-1982,268398,2888,2170,71,364,4,279,31593,2477,472,6192,609,2697,17,588,4048,1237,13055,100,101,129356,1856,1601,16131,2885,5963,76378,24542,17251,2600,2655,1949,10047,87310,53015,2320,50695,30,31758,47,2460,
Aug-1982,267643,2797,2063,71,364,4,295,31647,2528,472,5951,659,2772,17,581,4141,1237,13083,102,104,128944,1684,1601,15912,2889,6015,76110,24733,17235,2554,2685,1949,10047,87020,52615,2368,50247,29,31835,50,2491,
Sep-1982,261028,2721,2008,68,351,4,290,31966,2512,458,5985,643,2631,17,557,4068,1198,13692,95,110,125526,1548,1549,15328,2734,5849,74624,23894,16124,2469,2546,1385,9724,84691,51147,2271,48876,28,31048,45,2423,
Oct-1982,269745,2779,2049,71,364,4,291,32063,2554,472,5943,640,2717,17,574,4180,1238,13533,92,103,130232,1499,1601,16066,2834,6219,76561,25452,17120,2534,2590,1949,10047,87551,52879,2314,50565,26,32065,51,2530,
Nov-1982,260918,2582,1878,68,351,4,281,31388,2471,458,5844,704,2633,17,554,4119,1198,13205,89,96,126841,1713,1549,15326,2726,6076,74496,24955,16533,2401,2523,1885,9724,83574,50272,2239,48033,26,30762,58,2456,
Dec-1982,266535,2754,2046,71,364,4,269,31393,2416,472,5815,648,2412,17,561,4379,1238,13242,91,102,129302,1743,1601,15350,2708,5296,76102,26502,16943,2387,2560,1949,10047,86143,52147,2271,49876,25,31416,65,2490,
Jan-1983,269604,2627,1897,71,364,6,289,32814,2582,397,6303,711,2919,23,562,4330,1272,13528,93,94,129086,1728,1601,15166,2611,6290,75776,25914,17362,2501,2614,2281,9966,87715,53692,2266,51426,25,31302,58,2638,
Feb-1983,245237,2420,1767,62,326,6,259,29818,2319,450,5462,649,2536,19,509,3983,1148,12578,89,76,117774,1507,1446,13871,2434,5798,69034,23684,16258,2218,2261,2257,9522,78967,48074,2004,46070,21,28479,50,2343,
Mar-1983,269706,2734,1908,71,364,5,386,32343,2560,339,6084,725,2434,22,542,4419,1272,13747,97,102,129860,1599,1601,15382,2683,6458,76046,26091,17352,2384,2451,2419,10098,87417,53701,2152,51549,24,31133,53,2506,
Apr-1983,263269,2496,1757,68,352,5,314,32352,2352,620,5982,663,2814,22,530,4269,1230,13678,96,96,126507,1557,1549,14924,2551,6211,73833,25882,16934,2313,2609,2401,9611,84980,51622,2050,49572,12,30764,46,2536,
May-1983,267575,2434,1683,71,364,5,311,31863,2436,427,5948,669,2719,22,547,4244,1272,13379,101,99,129595,1644,1601,15398,2597,6307,75263,26785,17349,2400,2435,2408,10106,86334,51531,2130,49401,17,32131,50,2605,
Jun-1983,260014,2290,1577,68,352,5,288,31605,2460,486,5837,657,2687,23,522,4154,1230,13345,98,106,125002,1521,1549,14643,2486,6086,73020,25697,16926,2321,2366,2357,9882,84191,50617,2031,48586,20,31069,47,2438,
Jul-1983,267717,2283,1538,71,364,6,304,31261,2467,434,6063,620,2579,23,543,4247,1272,12823,98,92,128699,1592,1601,15178,2641,6303,74932,26452,17721,2634,2443,2465,10179,87753,53176,2069,51107,20,31880,49,2628,
Aug-1983,269053,2359,1581,71,364,5,338,32771,2541,495,6344,678,2487,23,545,4204,1272,13985,103,94,129402,1588,1601,15381,2689,6440,74393,27310,17382,2447,2468,2483,9984,87139,52615,2015,50600,20,31826,57,2621,
Sep-1983,263530,2319,1561,68,352,5,333,31321,2459,408,5967,647,2662,23,532,4164,1230,13049,100,80,126914,1432,1549,14863,2625,6266,72726,27453,17198,2473,2324,2460,9941,85778,52126,2015,50111,20,31075,71,2486,
Oct-1983,271890,2248,1526,71,364,5,282,31986,2449,482,6042,638,2712,23,548,4339,1272,13301,104,76,131306,1519,1601,15417,2731,6554,74850,28634,17923,2557,2521,2733,10112,88427,53718,2023,51695,21,32009,114,2565,
Nov-1983,263111,2095,1406,68,352,6,263,32139,2462,435,5932,641,2608,23,520,4184,1230,13933,97,74,126879,1565,1549,14751,2674,6332,72827,27181,16960,2459,2382,2824,9295,85038,51602,1993,49609,18,30781,104,2533,
Dec-1983,260293,1977,1275,71,364,6,261,28606,2113,348,5630,588,2579,23,480,4153,1271,11258,96,67,125440,1494,1601,14643,2733,6124,70211,28634,16747,2343,2351,2446,9607,87523,53053,2021,51032,19,31712,111,2628,
Jan-1984,274902,2037,1352,71,363,3,248,32192,2311,276,6029,597,2685,18,529,4321,1270,13978,104,74,133809,1624,1559,15254,2764,6529,76531,29548,17965,2367,2406,3074,10118,88899,54305,1965,52340,20,31894,105,2575,
Feb-1984,257357,1953,1257,67,339,3,287,32089,2032,414,6144,598,2518,17,504,4159,1187,14343,95,78,124060,1578,1459,14591,2615,6332,70374,27111,16146,2288,2346,1869,9643,83109,50709,1812,48897,20,29846,97,2437,
Mar-1984,268829,2020,1284,71,363,4,298,32280,2382,581,5918,672,2618,18,545,4461,1270,13633,101,81,133825,1590,1559,15790,2841,6746,75510,29789,17360,2522,2495,1941,10402,83344,48671,1988,46683,18,31944,104,2607,
Apr-1984,265872,1955,1247,69,351,3,285,32825,2326,518,6365,623,2600,17,500,4261,1229,14205,102,79,127555,1533,1509,15457,2653,6396,72756,27251,16750,2435,2460,1754,10101,86787,53097,1939,51158,19,31075,103,2493,
May-1984,277616,1953,1216,71,363,2,301,33535,2399,459,6694,640,2748,23,545,4431,1308,14089,114,85,133605,1673,1600,16005,2796,6681,74806,30044,18716,2500,2588,3000,10628,89807,54687,1944,52743,18,32305,109,2688,
Jun-1984,265570,1847,1159,69,351,2,266,32745,2352,447,6375,664,2560,22,533,4337,1265,14001,114,75,128904,1583,1548,15462,2694,6478,72228,28911,19070,2433,2436,3877,10324,83004,49771,1793,47978,18,31506,122,1587,
Jul-1984,275432,1882,1173,71,363,2,273,33525,2470,454,6294,669,2521,29,538,4533,1304,14519,114,80,132837,1753,1600,15566,2855,6674,74382,30007,19629,2395,2472,3220,11542,87559,52536,1871,50665,18,32193,150,2662,
Aug-1984,273091,1849,1128,71,363,3,284,31689,2534,515,6551,706,2524,29,547,4579,1304,12207,117,76,132399,1681,1600,15831,2809,6707,74123,29648,18268,2368,2460,3238,10202,88886,53393,1834,51559,18,32478,185,2812,
Sep-1984,269798,1948,1162,69,351,3,363,33525,2408,282,6039,616,2568,27,549,4332,1262,15259,112,71,128890,1669,1548,15782,2696,6484,71958,28753,18410,2346,2408,3158,10498,87025,52819,1749,51070,18,31288,216,2684,
Oct-1984,276075,1943,1178,71,363,2,329,33727,2623,638,6628,714,2568,29,565,4515,1305,13941,121,80,132161,1662,1600,16100,2730,6806,74016,29247,18733,2424,2636,3187,10486,89511,53677,1743,51934,17,32928,237,2652,
Nov-1984,269357,1867,1149,69,351,2,296,32837,2476,481,6342,600,2344,27,548,4299,1262,14265,122,71,128458,1695,1548,15311,2641,6645,72024,28594,18170,2343,2515,3219,10093,88025,53420,1670,51750,15,31822,236,2532,
Dec-1984,275797,1888,1157,71,363,3,294,32790,2555,461,6350,678,2300,29,549,4424,1305,13945,124,70,134185,1763,1600,15862,2682,6858,74466,30954,18347,2424,2539,3152,10232,88587,53316,1675,51641,16,32342,243,2670,
Jan-1985,270926,1837,1062,92,412,3,268,31766,2279,282,6087,552,2324,16,557,4367,1273,13829,126,74,131543,1761,1501,15394,2593,6790,73331,30173,19350,2664,2545,3213,10928,86430,51059,1653,49406,14,32492,232,2633,
Feb-1985,252695,1648,939,83,372,2,252,28655,2062,356,5604,506,2103,12,514,3919,1149,12250,121,59,119662,1634,1377,14082,2370,6064,66371,27764,17569,2301,2341,2982,9945,85161,52563,1457,51106,12,30091,212,2283,
Mar-1985,281943,1882,1029,92,412,3,346,32804,2537,572,6311,675,2283,14,588,4425,1273,13910,141,75,133939,1862,1528,15871,2619,6825,74105,31129,19729,2626,2564,3355,11184,93589,57859,1675,56184,15,32925,245,2545,
Apr-1985,271299,1819,1004,89,399,2,325,32584,2600,455,6580,697,2173,13,580,4259,1232,13782,139,74,129841,1761,1597,15372,2488,6593,73839,28191,18865,2569,2409,3185,10702,88190,53510,1576,51934,14,32173,240,2253,
May-1985,283093,1813,1007,92,412,2,300,33364,2591,448,6642,677,2350,15,605,4347,1273,14210,136,70,133330,1886,1650,15800,2554,6697,74004,30739,19660,2608,2576,3379,11097,94926,58532,1540,56992,14,33536,239,2605,
Jun-1985,270653,1752,969,89,399,2,293,30975,2450,419,6044,642,2315,18,569,4257,1232,12834,131,64,127897,1751,1597,15298,2547,6414,70958,29332,18768,2462,2438,3366,10502,91261,56118,1216,54902,14,32302,251,2576,
Jul-1985,277410,1690,890,84,412,2,302,32567,2706,516,6218,714,2343,29,586,4332,1273,13647,139,64,131713,1863,1650,15897,2637,6574,73337,29755,19405,2486,2508,3526,10885,92035,56079,1234,54845,14,33154,272,2516,
Aug-1985,272881,1695,885,84,412,2,312,33041,2652,441,6517,684,2377,32,601,4346,1273,13917,135,66,126661,1808,1650,15141,2616,6613,73533,25300,19634,2539,2558,3558,10979,91850,55642,1201,54441,18,33350,281,2559,
Sep-1985,268610,1688,912,82,399,2,293,31279,2551,435,6247,667,2277,29,583,4184,1232,12879,131,64,125138,1767,1597,15078,2516,6361,70643,27176,19228,2455,2478,3565,10730,91277,56008,1167,54841,13,32739,251,2266,
Oct-1985,278068,1795,955,96,412,2,330,33615,2726,436,6746,700,2323,23,609,4318,1273,14263,134,64,128799,1820,1650,15110,2619,6553,73585,27462,19682,2552,2537,3582,11011,94177,57338,1273,56065,16,34104,253,2466,
Nov-1985,267059,1623,875,92,399,2,255,31041,2571,427,5931,587,2252,22,572,4097,1232,13161,129,60,125817,1680,1597,16226,2506,6345,71690,25773,18638,2457,2397,3487,10297,89940,54121,1446,52675,15,32908,263,2633,
Dec-1985,279916,1719,931,96,411,2,279,32391,2540,381,6480,689,2180,20,579,4006,1273,14057,134,52,132526,1988,1650,15140,2576,6701,73822,30649,18792,2527,2417,3594,10254,94488,57404,1508,55896,16,34228,300,2540,
Jan-1986,283248,1620,942,72,321,2,283,33136,2664,262,6701,636,2235,18,640,4139,1142,14501,137,61,133735,1917,1451,16012,2614,6798,74135,30808,19788,2640,2448,3651,11049,94969,57973,1502,56471,16,34258,305,2417,
Feb-1986,256855,1433,808,69,292,1,263,29650,2650,547,5710,552,2045,17,573,3758,1028,12593,125,52,121334,1768,1322,14544,2384,6154,66752,28410,17567,2358,2210,3333,9666,86871,53402,1387,52015,13,31042,266,2148,
Mar-1986,279413,1532,854,72,321,2,283,31547,2502,232,6171,583,2251,9,642,4065,1142,13754,142,54,132673,1953,1424,15939,2569,6743,73344,30701,19602,2640,2420,3554,10988,94059,57673,1541,56132,15,33669,262,2440,
Apr-1986,265917,1518,842,70,311,1,294,30116,2376,559,5879,582,2152,8,567,3908,1105,12799,124,57,126049,1812,1352,15157,2529,6305,69397,29497,18627,2473,2318,3395,10441,89607,55092,1487,53605,14,31879,231,2391,
May-1986,273964,1550,889,72,321,2,266,29705,2267,381,5727,552,2267,8,627,3979,1142,12577,124,54,128826,1834,1376,15283,2585,6503,70407,30838,18851,2529,2338,3449,10535,95032,59748,1541,58207,15,32521,236,2512,
Jun-1986,258700,1452,824,70,311,1,246,28561,2201,361,5542,552,2179,8,586,3786,1105,12058,128,55,120645,1717,1292,14243,2435,6316,66802,27840,17601,2393,2233,2931,10044,90441,56597,1455,55142,14,31129,220,2481,
Jul-1986,268448,1468,804,72,321,2,269,29240,2241,527,5643,553,2182,8,596,3777,1142,12380,132,59,126077,1780,1287,15834,2505,6344,68621,29706,18141,2406,2264,3243,10228,93522,58980,1509,57471,14,31790,224,2514,
Aug-1986,259580,1382,752,72,321,2,235,27491,2017,371,5188,497,2149,7,593,3727,1142,11618,135,47,123293,1786,1285,14925,2533,6132,67529,29103,17849,2410,2237,3163,10039,89565,56146,1455,54691,13,30754,217,2435,
Sep-1986,249843,1220,569,70,311,1,269,27148,2158,227,5260,503,2011,7,567,3527,1105,11599,132,52,118788,1651,1251,14255,2456,5941,64891,28343,17002,2316,2159,2968,9559,85685,53449,1411,52038,12,29780,204,2240,
Oct-1986,260984,1370,697,72,321,2,278,27835,2158,368,5097,528,2129,7,582,3666,1142,11965,137,56,121033,1564,1292,14597,2515,6284,66638,28143,17716,2431,2195,3143,9947,93030,59748,1471,58277,11,30758,236,2277,
Nov-1986,252374,1300,709,70,311,1,209,26233,1901,477,4842,438,2027,6,556,3599,1105,11103,135,44,118962,1631,1185,15172,2473,6027,64604,27870,17168,2322,2093,3174,9579,88711,56483,1396,55087,12,29661,252,2303,
Dec-1986,258926,1337,693,72,321,1,250,28152,2110,447,5274,499,2061,7,569,3697,1142,12158,135,53,122908,1709,1261,15830,2399,6165,66475,29069,16976,2391,2157,3168,9262,89551,56019,1419,54600,12,30818,254,2448,
Jan-1987,262888,1245,689,56,265,1,234,26595,2000,333,5176,462,2275,7,540,3659,1009,10947,137,49,121473,1733,1193,14816,2426,6127,66135,29044,17808,2382,2148,3231,10048,95766,62598,1508,61091,11,30621,267,2269,
Feb-1987,234880,1134,590,56,258,1,229,24991,1898,330,4710,459,2016,8,484,3291,977,10640,123,56,110488,1579,1077,13477,2178,5566,60010,26601,15936,2169,1966,2851,8951,82331,51879,1284,50595,10,28128,239,2075,
Mar-1987,262398,1314,701,64,288,1,259,27277,2080,343,4604,493,2218,8,510,3617,1123,12093,134,55,121984,1783,1267,15650,2423,6182,66167,28513,17293,2422,2173,2875,9822,94530,61007,1393,59614,11,31106,266,2141,
Apr-1987,254945,1286,685,63,300,2,236,27207,1985,345,5324,477,2168,7,510,3514,1023,11675,132,45,117022,1669,1225,14868,2326,5903,63738,27293,16912,2349,2104,2943,9516,92518,59707,1318,58389,10,30062,255,2484,
May-1987,258426,1310,728,64,280,1,237,26253,1982,205,5004,489,2219,6,521,3546,1040,11055,141,45,118236,1766,1244,14701,2429,6057,64459,27580,17379,2409,2142,3100,9727,95248,61357,1378,59979,11,30965,264,2652,
Jun-1987,248356,1236,657,65,285,1,228,26239,1995,313,5005,477,2175,9,509,3382,1007,11178,139,51,113321,1741,1167,14004,2331,5805,61837,26436,16744,2396,2041,2927,9380,90816,57899,1334,56565,11,29950,244,2712,
Jul-1987,255782,1289,703,59,279,1,247,26937,2050,342,5199,493,2198,11,514,3509,1010,11416,141,54,117022,1803,1184,14758,2447,6064,63677,27089,17246,2468,2091,3056,9632,93288,59202,1402,57801,11,30897,260,2918,
Aug-1987,254508,1271,701,61,274,1,234,26154,2007,213,4972,473,2199,14,506,3382,1006,11193,141,47,116514,1778,1142,14846,2334,6134,63399,26880,17202,2465,2098,2934,9705,93367,59143,1310,57833,11,30919,263,3032,
Sep-1987,246163,1252,686,57,269,2,239,25904,1983,330,5008,471,2118,11,494,3338,989,10973,133,55,113340,1692,1167,14132,2254,6036,61622,26437,16691,2423,2022,2986,9260,88977,56232,1280,54952,11,29985,259,2490,
Oct-1987,259272,1284,713,56,274,1,240,26849,2000,334,5099,490,2172,10,509,3399,1017,11624,142,54,117779,1594,1204,15061,2350,6287,64129,27155,17509,2492,2120,3079,9819,95850,61563,1315,60249,12,31126,269,2880,
Nov-1987,251915,1212,698,52,245,1,216,25214,1900,308,4762,447,2089,7,491,3290,942,10791,137,50,113514,1711,1173,14172,2250,6011,62107,26090,16795,2307,2063,2890,9535,95180,62042,1297,60745,10,30043,258,2828,
Dec-1987,257844,1301,720,57,285,3,236,26041,2100,342,5022,512,2125,11,504,3424,1010,10793,143,53,116081,1758,1189,14542,2355,6156,63682,26399,17400,2520,2092,2917,9871,97021,63325,1331,61994,11,30807,268,2610,
Jan-1988,255743,1177,712,44,215,1,205,25415,1839,293,4872,400,2053,14,475,3356,980,10937,149,48,116160,1827,1161,14368,2344,6162,63922,26375,17535,2528,2042,2918,10046,95456,61971,1338,60633,10,30547,261,2668,
Feb-1988,242848,1159,652,47,230,1,229,25137,1821,281,4872,441,1950,13,459,3159,996,10958,138,50,108759,1703,1203,13547,2191,5821,59979,24314,16566,2510,1918,2740,9400,91228,60020,1259,58761,10,28559,242,2397,
Mar-1988,259587,1256,685,53,262,3,252,26503,2000,422,5201,432,2070,12,477,3379,1094,11222,144,50,116190,1744,1219,14463,2319,6195,63853,26397,17582,2743,2040,2859,9940,98056,64668,1307,63361,10,30678,263,2437,
Apr-1988,248629,1159,641,48,242,5,223,25518,1876,303,4976,497,1977,13,473,3292,994,10924,138,55,111459,1674,1190,13835,2255,5871,61281,25353,17246,2719,1947,2824,9756,93247,60877,1301,59575,8,29347,259,2757,
May-1988,255089,1204,672,54,253,2,222,26115,1931,310,5077,473,1969,16,497,3413,986,11252,141,51,114210,1625,1217,14283,2292,5944,62750,26099,17653,2753,2020,2957,9922,95907,62492,1344,61149,10,30380,272,2753,
Jun-1988,245102,1202,658,51,262,2,228,25542,1971,320,5065,490,1923,14,491,3289,1033,10763,134,49,109677,1712,1106,13341,2189,5831,60347,25151,16890,2760,1933,2740,9456,91792,59523,1290,58234,9,29348,266,2646,
Jul-1988,249229,1168,683,44,234,1,206,24865,1844,258,4802,444,1932,14,506,3348,945,10588,135,48,112170,1835,1077,13700,2300,5931,61624,25705,17171,2796,1970,2759,9645,93855,60764,1330,59434,10,30208,277,2595,
Aug-1988,250459,1197,668,47,251,2,228,25536,1970,310,5053,476,1886,13,518,3324,982,10814,138,53,111532,1781,1047,14248,2508,6020,61476,24451,16880,2789,1977,2757,9356,95313,62268,1306,60962,9,30011,284,2742,
Sep-1988,236847,1112,627,44,230,1,209,24357,1860,298,4745,454,1876,13,500,3174,971,10284,132,50,102858,1754,1095,12541,2240,5789,59019,20420,16250,2671,1878,2632,9069,92270,60584,1308,59277,10,28861,275,2540,
Oct-1988,248704,1062,573,44,227,3,214,24532,1790,286,4765,440,1898,11,532,3292,964,10370,139,46,111198,1706,1091,13530,2352,5997,61450,25071,16772,2758,1911,2719,9385,95140,62315,1286,61028,10,29837,283,2695,
Nov-1988,240700,1027,573,45,213,2,194,23708,1779,288,4569,445,1830,14,516,3146,836,10100,134,53,108138,1691,1071,13428,2239,5758,59159,24792,15954,2649,1837,2562,8907,91873,60800,1279,59520,9,28237,274,2553,
Dec-1988,246189,1065,601,42,207,2,212,24766,1795,296,4828,467,1886,10,534,3171,934,10660,138,48,110800,1745,1128,13721,2324,5915,60635,25332,16195,2675,1868,2549,9102,93363,61862,1349,60513,9,28718,275,2499,
Jan-1989,246056,1118,650,44,216,3,205,25126,1861,299,4876,467,1969,11,561,3178,984,10735,136,49,111222,1743,1012,13695,2320,6132,60740,25580,16565,2730,1844,2528,9462,92025,60692,1346,59347,9,28431,271,2621,
Feb-1989,218076,980,558,36,205,2,178,21010,1505,252,4104,375,1719,12,484,2827,805,8762,123,42,98200,1553,893,11840,2062,5339,53515,22998,14485,2368,1600,2237,8280,83400,54939,1200,53739,8,25735,242,2477,
Mar-1989,234822,1104,612,45,238,2,206,24654,1752,309,4946,480,1869,9,533,3149,954,10466,135,52,109001,1746,987,13212,2290,5977,59812,24978,16360,2680,1813,2486,9381,83704,52265,1376,50889,10,28413,266,2749,
Apr-1989,233147,1050,594,41,221,2,192,23686,1638,263,4715,623,1787,10,532,2989,860,10096,127,46,105520,1696,951,12927,2270,5681,57725,24270,15725,2622,1769,2309,9025,87165,56700,1296,55404,11,27494,253,2707,
May-1989,242303,1138,638,50,256,2,192,24143,1768,297,4849,468,1828,14,532,3089,912,10202,139,46,108023,1731,990,13255,2324,5918,59073,24732,16260,2666,1824,2495,9276,92739,61174,1354,59820,13,28341,270,2941,
Jun-1989,228731,1076,588,47,248,2,191,23133,1706,286,4641,451,1823,10,536,2943,868,9692,131,44,103160,1668,937,12747,2345,5585,56383,23496,15250,2553,1760,2068,8870,86113,55828,1207,54621,13,27260,257,2754,
Jul-1989,230766,1022,598,41,200,2,181,23434,1749,278,4636,439,1807,12,538,3133,790,9870,138,44,105632,1767,980,13275,2344,5765,58015,23485,15856,2546,1766,2437,9107,84822,53484,1346,52138,13,28143,269,2913,
Aug-1989,233878,1092,608,45,247,2,191,23639,1782,284,4780,458,1840,12,522,3098,870,9816,135,42,104478,1750,982,12764,2380,5737,57916,22949,15455,2557,1760,2433,8705,89214,57963,1306,56657,13,28112,285,2841,
Sep-1989,226436,1075,626,40,224,1,184,22607,1699,260,4483,413,1735,10,505,2980,808,9540,131,43,101085,1637,916,12389,2257,5534,55717,22636,15371,2424,1706,2365,8877,86297,56260,1290,54971,11,26915,290,2820,
Oct-1989,231036,1132,665,38,236,2,192,23556,1757,285,4642,455,1816,11,515,3159,830,9903,138,46,101511,1495,882,12506,2361,5793,57467,21007,15787,2580,1751,2425,9031,89049,58198,1154,57044,13,27820,291,2728,
Nov-1989,226082,1031,586,38,222,1,184,22639,1708,271,4525,422,1686,12,484,3084,810,9456,137,42,100098,1472,887,12595,2236,5642,55925,21342,15090,2478,1674,2207,8731,87225,57449,1232,56218,12,26858,265,2640,
Dec-1989,227439,933,566,33,185,2,147,21490,1453,227,4288,363,1689,10,488,3115,724,8955,142,36,99649,1555,844,12090,2214,5611,55881,21454,15535,2451,1689,2425,8970,89832,59027,1263,57764,11,27652,257,2885,
Jan-1990,233931,1078,589,40,253,2,194,24345,1849,286,4760,471,1766,15,496,3121,991,10401,143,47,104602,1612,844,12614,2267,5781,58072,23413,15660,2567,1705,2401,8987,88247,57786,797,56989,10,27322,314,2814,
Feb-1990,209923,974,553,33,208,2,178,20835,1578,238,4211,392,1537,11,453,2827,799,8616,130,42,95225,1467,951,11568,2034,5211,52687,21307,14227,2349,1554,2227,8097,78662,51350,877,50473,10,24750,311,2241,
Mar-1990,230434,954,497,33,228,2,194,23107,1737,262,4639,446,1716,13,500,3137,915,9556,143,45,103793,1615,1044,12577,2264,5766,57594,22933,15743,2646,1708,2410,8979,86837,56381,737,55643,11,27453,313,2678,
Apr-1990,222215,963,538,33,215,1,176,22070,1595,246,4500,436,1625,12,492,3026,813,9145,133,47,100624,1558,855,12058,2271,5499,55382,23001,15060,2557,1631,2294,8578,83498,54069,394,53676,12,26530,325,2562,
May-1990,227179,962,522,34,227,2,177,22849,1628,251,4651,440,1701,12,500,3121,796,9572,133,43,102615,1622,901,12563,2272,5671,57044,22543,15684,2659,1685,2388,8952,85069,54725,403,54322,9,27310,343,2681,
Jun-1990,213175,874,466,31,210,1,165,21677,1569,243,4389,425,1583,12,482,2994,814,8998,130,38,98409,1463,844,11997,2225,5407,54665,21807,14971,2514,1592,2279,8586,77245,48373,831,47542,12,26307,337,2216,
Jul-1990,222371,847,451,32,207,1,155,22537,1761,156,4640,449,1639,10,507,3071,727,9399,134,45,101738,1532,897,12250,2256,5560,56603,22640,15114,2561,1669,2293,8592,82134,52286,998,51289,11,26962,331,2544,
Aug-1990,225886,861,396,34,242,1,188,23623,1760,297,4902,466,1656,12,513,3103,905,9822,140,46,102782,1526,849,12503,2341,5657,57292,22614,15242,2552,1684,2291,8715,83378,53538,1070,52469,11,27004,356,2468,
Sep-1990,216715,816,389,32,217,1,177,21949,1623,251,4524,448,1553,12,497,3020,811,9038,135,36,99191,1551,794,12186,2219,5454,55515,21472,14757,2528,1628,2218,8382,80002,51046,1236,49810,9,26124,338,2485,
Oct-1990,233799,865,401,38,227,1,198,23664,1711,280,5014,517,1665,12,504,3139,875,9758,145,42,105043,1609,810,12606,2280,5836,58804,23099,15442,2598,1680,2304,8859,88785,58416,1291,57126,10,27482,358,2519,
Nov-1990,221598,824,408,40,200,1,174,22679,1682,265,4698,499,1606,14,474,3059,806,9394,142,40,101341,1400,803,12192,2253,5660,56998,22035,14985,2505,1648,2255,8578,81768,52373,1238,51135,10,26615,347,2424,
Dec-1990,227463,876,465,35,207,1,167,21322,1461,225,4500,420,1629,11,471,3099,756,8574,140,35,103708,1583,794,12468,2352,5748,57822,22940,14838,2417,1626,2244,8551,86719,56966,1275,55691,6,27009,338,2399,
Jan-1991,232498,848,410,35,227,1,174,22350,1549,227,4741,434,1649,13,485,3120,755,9197,144,37,106978,1631,900,12555,2333,6044,59433,24083,15228,2602,1666,2251,8708,87094,57283,1278,56005,10,27126,338,2338,
Feb-1991,213836,768,358,37,214,1,157,21209,1430,260,4691,425,1500,11,446,2847,776,8658,131,34,97369,1495,827,11759,1947,5538,54071,21733,13897,2418,1539,2062,7879,80592,53410,1128,52282,9,24735,311,2127,
Mar-1991,233926,766,372,32,198,1,162,22924,1662,254,4984,388,1563,12,494,3146,731,9505,142,43,107107,1623,915,12500,2285,6080,59299,24404,15287,2664,1709,2277,8637,87842,58496,1297,57199,10,27190,340,1807,
Apr-1991,225256,844,419,35,219,2,169,22415,1378,269,4914,545,1525,10,480,3033,798,9285,138,40,104338,1491,824,12321,2314,5932,57138,24317,14810,2608,1645,2213,8344,82849,53933,1287,52645,9,26396,329,2182,
May-1991,229670,816,383,34,218,1,180,22893,1701,246,4986,417,1518,13,493,3139,795,9405,138,42,106413,1503,849,12501,2328,6026,58502,24704,14869,2720,1686,2033,8429,84679,54890,1401,53488,11,27239,319,2221,
Jun-1991,219610,582,192,35,201,1,153,21600,1547,241,4645,443,1419,11,477,2997,733,8911,135,40,101426,1511,806,12011,2274,5712,55333,23779,14359,2634,1589,2021,8115,81643,52700,1275,51425,10,26378,278,2277,
Jul-1991,227756,754,327,37,222,1,166,22677,1751,265,4910,499,1491,14,492,3075,789,9207,144,41,104229,1585,848,12183,2386,5790,57078,24361,14795,2646,1660,2097,8393,85301,55039,1286,53753,8,27101,259,2894,
Aug-1991,226801,786,379,37,213,1,156,22294,1688,255,4847,475,1445,12,500,3037,767,9081,145,41,104720,1619,855,12538,2322,5882,57332,24174,14839,2643,1656,2038,8502,84162,53657,1269,52389,10,27264,256,2974,
Sep-1991,221029,818,426,33,202,1,156,21011,1589,248,4551,461,1353,14,485,2827,735,8574,133,40,102079,1409,813,12226,2204,5680,55302,24445,14251,2551,1597,2022,8081,82871,53604,1241,52363,9,26209,264,2785,
Oct-1991,230557,946,496,42,229,1,178,21785,1678,261,4712,325,1388,13,502,2928,810,8987,138,42,105650,1460,901,12116,2236,5984,57160,25793,14407,2623,1639,1856,8289,87768,57118,1323,55794,9,27033,254,3354,
Nov-1991,219833,854,481,34,194,1,145,20781,1512,230,4375,583,1315,13,480,2821,732,8542,135,43,101539,1617,860,11904,2147,5752,55424,23837,14013,2557,1579,1797,8079,82646,52952,1252,51699,7,26112,210,3365,
Dec-1991,226267,879,482,36,194,1,167,21347,1583,258,4572,490,1354,13,498,2921,735,8742,139,42,106000,1693,907,12456,2279,5997,56544,26125,14601,2716,1614,1800,8472,83439,53267,1301,51965,9,26714,255,3195,
Jan-1992,228178,898,483,35,211,1,168,21647,1604,250,4841,454,1408,11,487,2878,770,8762,138,44,106196,1677,905,12445,2192,5903,56323,26751,14324,2566,1599,1664,8495,85113,55457,1322,54135,9,26278,250,3119,
Feb-1992,214269,797,444,22,162,1,168,20159,1527,234,4319,440,1321,13,454,2707,737,8233,128,45,99221,1533,861,11644,2021,5719,52552,24891,13701,2435,1487,1902,7877,80391,52428,1237,51191,8,24461,237,3257,
Mar-1992,227798,851,431,35,205,1,179,21568,1618,265,4668,354,1365,13,478,2861,805,8968,131,41,105808,1623,881,12339,2112,6048,56220,26585,14509,2532,1603,2028,8346,85063,55345,1335,54010,8,26155,252,3304,
Apr-1992,218775,834,429,32,189,1,183,21232,1600,248,4589,575,1300,13,466,2745,813,8708,127,49,101477,1589,882,11926,2072,5830,54054,25125,13981,2546,1541,1851,8044,81251,52233,1256,50976,8,25256,271,3483,
May-1992,222227,817,454,33,171,1,158,20880,1592,241,4511,446,1344,12,476,2807,748,8524,132,46,103837,1558,810,12225,2152,5991,54953,26148,14440,2561,1582,1991,8306,82253,52152,1212,50940,8,26128,316,3648,
Jun-1992,215019,839,457,36,184,1,160,20583,1619,261,4459,451,1291,13,450,2685,787,8392,130,46,100033,1547,779,11858,2118,5746,52661,25324,13807,2458,1504,1901,7943,79757,51094,1251,49843,8,25157,305,3193,
Jul-1992,221064,805,407,37,175,1,185,21027,1652,253,4533,467,1342,12,458,2755,757,8630,129,38,103399,1592,791,12254,2153,5888,54505,26217,14239,2477,1544,1959,8259,81594,51291,1242,50049,8,25916,320,4059,
Aug-1992,214575,844,456,37,171,1,180,20766,1618,246,4375,482,1310,12,449,2772,733,8597,133,40,98631,1591,893,11052,2134,5889,54719,22353,14067,2434,1573,1933,8127,80267,50681,1256,49424,9,25680,324,3574,
Sep-1992,210904,832,453,36,164,1,178,20189,1609,248,4344,481,1274,12,443,2679,747,8187,125,40,96415,1488,877,11242,2027,5679,52929,22172,13687,2468,1516,1876,7827,79781,51011,1236,49775,8,24833,341,3588,
Oct-1992,220898,861,469,37,170,1,184,20661,1600,262,4421,458,1300,11,451,2737,797,8454,132,39,103081,1620,897,12593,2123,5816,54834,25198,13966,2557,1551,1885,7973,82329,52576,1305,51271,9,25620,360,3764,
Nov-1992,210724,811,462,30,162,1,156,18948,1610,238,4036,285,1096,10,429,2605,724,7755,125,36,98569,1570,787,11421,1982,5626,52601,24581,13425,2335,1494,1848,7748,78971,50213,1246,48967,7,24722,376,3652,
Dec-1992,220200,854,479,34,173,1,168,20905,1655,270,4517,586,1230,10,435,2662,778,8597,128,36,102379,1637,897,12076,2095,5837,54274,25564,13653,2418,1487,1882,7866,82409,52841,1304,51537,7,25282,369,3911,
Jan-1993,215791,848,488,26,167,1,167,19502,1486,247,4067,375,1179,10,421,2664,680,8208,128,36,101727,1623,865,11798,2049,5848,54148,25396,13499,2454,1465,1930,7651,80216,51284,1239,50045,6,24918,255,3753,
Feb-1993,194393,725,385,23,147,1,170,17589,1279,209,3584,445,1079,9,378,2441,604,7416,115,30,92080,1427,789,10779,1858,5360,48839,23029,11960,2280,1349,1734,6597,72039,45585,1105,44480,5,22584,163,3701,
Mar-1993,216198,813,436,29,174,1,172,20409,1551,129,4345,393,1220,12,422,2694,732,8746,131,34,101162,1507,863,11959,2007,5912,53801,25112,13673,2573,1497,1940,7663,80141,50812,1229,49583,6,24878,185,4259,
Apr-1993,206439,846,453,31,183,1,178,19835,1482,383,4250,516,1160,11,409,2553,726,8185,124,38,97486,1469,843,11521,1928,5633,51690,24402,12842,2239,1450,1875,7279,75430,47610,1179,46430,7,23763,186,3864,
May-1993,212255,850,475,29,164,1,181,19279,1447,230,4116,351,1142,11,424,2636,661,8103,124,33,100422,1486,869,11963,1873,5580,52838,25814,13711,2870,1489,1838,7514,77992,48606,1216,47391,7,24910,166,4304,
Jun-1993,203842,821,449,33,178,1,161,19445,1420,161,4190,486,1152,13,414,2573,719,8153,122,41,96904,1471,796,11517,1832,5570,50734,24983,12992,2369,1429,1817,7377,73680,45609,1165,44444,7,23671,141,4251,
Jul-1993,207339,836,470,29,164,1,173,20186,1450,235,4871,317,1153,10,417,2625,679,8268,125,35,98984,1553,834,11728,1920,5712,51722,25515,13193,2429,1451,1836,7477,74140,44683,1134,43549,6,24874,140,4437,
Aug-1993,209492,868,489,30,171,1,177,19457,1525,254,4112,443,1163,11,408,2587,661,8134,124,35,99137,1656,832,11753,1814,5711,51853,25518,13116,2426,1504,1811,7375,76914,47365,1008,46356,4,25025,137,4383,
Sep-1993,201347,856,479,26,174,1,176,18995,1505,228,4085,408,1050,12,391,2548,721,7889,125,34,96003,1632,835,11221,1849,5531,50005,24930,12664,2347,1442,1735,7140,72829,44123,1086,43037,6,24209,129,4362,
Oct-1993,212003,883,501,27,184,0,171,19218,1400,240,4005,293,1243,12,426,2626,727,8078,132,37,99206,1662,826,11647,1832,5822,51726,25692,13048,2433,1491,1795,7330,79647,49925,1152,48773,7,25114,132,4470,
Nov-1993,207349,850,480,27,174,1,168,18608,1460,215,3957,296,1225,11,375,2478,665,7765,126,35,96412,1582,841,11226,1777,5766,50183,25037,12553,2452,1422,1714,6965,78926,50103,1125,48978,6,24253,122,4443,
Dec-1993,212585,836,499,26,156,1,154,18404,1400,229,4043,272,1030,11,384,2490,708,7680,126,31,99043,1610,782,11560,1874,5977,51551,25690,13081,2526,1459,1795,7301,81220,51789,1209,50580,6,24891,123,4412,
Jan-1994,211320,787,490,20,177,0,99,18103,1262,186,3912,303,1072,10,377,2370,544,7919,124,24,99229,1588,838,10975,1805,5803,51754,26466,12873,2395,1414,1766,7299,80328,51398,1212,50186,4,24331,166,4429,
Feb-1994,189569,841,482,20,182,1,156,16904,1357,211,3500,431,982,10,335,2122,684,7124,114,33,89228,1379,722,9858,1621,5238,46561,23850,11694,2283,1237,1617,6556,70902,44718,1114,43605,4,21966,124,4091,
Mar-1994,209114,907,494,22,220,1,170,19016,1610,266,4115,57,1084,10,369,2341,861,8138,127,38,98879,1523,879,10987,1770,5826,51465,26427,12819,2533,1414,1814,7057,77494,49076,1268,47808,4,24233,135,4047,
Apr-1994,198363,928,510,25,214,1,179,18032,1479,213,3791,559,978,9,330,2280,753,7484,116,38,94628,1494,884,10504,1591,5499,49384,25272,12195,2381,1340,1733,6742,72580,45130,1299,43830,6,23622,125,3698,
May-1994,207334,953,529,27,220,0,178,18784,1495,230,4049,369,1040,10,365,2380,755,7934,123,34,97116,1599,889,10729,1688,5570,50644,25997,12642,2562,1368,1766,6946,77839,48916,1332,47584,6,24384,137,4397,
Jun-1994,198318,919,491,25,227,1,175,18122,1445,232,3898,331,992,10,347,2270,780,7668,119,32,93598,1531,738,10296,1650,5324,48323,25737,12074,2381,1315,1693,6686,73605,45502,1288,44214,6,23499,162,4435,
Jul-1994,201527,907,527,27,205,1,147,17931,1419,223,3973,276,1010,11,358,2333,716,7456,124,33,95165,1563,740,10549,1677,5480,49488,25667,11411,2396,1408,1734,5874,76113,46337,1321,45016,6,24253,167,5351,
Aug-1994,202869,914,497,31,221,1,164,18256,1469,239,4007,352,1027,12,355,2326,757,7551,123,38,96129,1554,769,10723,1710,5522,49347,26502,11635,2379,1398,1729,6128,75935,46487,1351,45136,7,24087,140,5215,
Sep-1994,198264,896,487,26,211,1,171,17528,1412,225,3853,271,1002,10,346,2246,697,7310,118,38,93626,1475,809,10317,1641,5328,47681,26374,12024,2315,1371,1705,6632,74191,45425,1366,44059,7,23449,141,5170,
Oct-1994,206398,935,525,26,212,1,171,17740,1387,173,3894,320,998,10,352,2339,715,7393,123,36,95767,1491,732,10537,1650,5388,48888,27082,12217,2326,1446,1729,6715,79738,49709,1327,48382,6,24344,139,5540,
Nov-1994,198850,922,522,25,219,1,155,17605,1379,231,3815,483,977,11,337,2244,719,7250,120,39,94026,1550,793,10347,1630,5293,47771,26642,11715,2255,1390,1648,6422,74582,45537,1310,44227,6,23472,127,5441,
Dec-1994,209550,928,538,25,210,0,154,18089,1435,64,3925,261,1045,10,345,2324,777,7746,123,35,97534,1598,775,10661,1690,5575,49430,27806,12031,2407,1427,1727,6470,80969,50714,1354,49360,5,24420,136,5695,
Jan-1995,207148,852,514,25,157,1,156,17906,1389,389,3826,332,956,9,339,2431,673,7405,124,32,97435,1608,723,10602,1674,5342,49056,28429,12437,2566,1419,1740,6712,78518,48819,1316,47502,4,23651,133,5911,
Feb-1995,190245,791,474,21,138,1,157,16674,1226,199,3585,388,931,9,308,2194,647,7049,110,29,88631,1467,649,9590,1524,4935,44190,26276,13034,2311,1291,1553,7879,71115,44178,1183,42995,5,21273,118,5542,
Mar-1995,204613,920,521,27,179,1,192,18100,1454,226,3836,210,1022,10,334,2479,780,7588,121,38,96510,1606,727,10321,1667,5467,48410,28313,12133,2573,1431,1735,6394,76950,47262,1317,45945,6,23395,122,6165,
Apr-1995,198111,870,503,26,164,1,175,17427,1337,208,3642,326,970,10,320,2508,690,7269,116,29,94089,1560,696,9818,1636,5282,46696,28401,11763,2421,1380,1730,6232,73962,45334,1268,44066,5,22880,113,5631,
May-1995,205509,888,491,30,182,1,185,17681,1369,224,3671,292,995,12,322,2498,739,7411,114,34,98167,1654,710,10206,1674,5585,47706,30632,12026,2421,1402,1726,6477,76746,47051,1248,45802,5,23741,115,5835,
Jun-1995,197359,884,488,31,180,1,184,17313,1336,214,3637,424,941,10,310,2345,707,7251,110,29,93931,1500,675,10046,1736,5348,45594,29033,11599,2162,1353,1603,6481,73631,44510,1215,43295,7,22931,109,6075,
Jul-1995,199912,828,479,25,158,1,164,16984,1353,220,3594,119,947,11,309,2418,641,7237,105,29,97064,1620,880,10282,1646,5512,46681,30444,11880,2273,1393,1640,6573,73156,43444,1360,42084,7,23529,111,6064,
Aug-1995,199846,797,450,27,155,0,164,17782,1408,229,3754,314,994,10,318,2494,708,7410,114,30,95006,1557,768,10213,1673,5632,46620,28542,11727,2256,1408,1620,6443,74534,44391,1386,43005,7,23714,110,6312,
Sep-1995,192484,798,447,24,173,1,153,16869,1348,211,3512,362,930,11,308,2418,672,6956,109,31,93103,1552,731,9956,1625,5218,45107,28914,11557,2179,1365,1609,6403,70157,41323,1318,40005,7,22981,102,5744,
Oct-1995,199055,782,426,24,179,1,152,17485,1357,230,3591,289,885,8,315,2526,699,7440,110,35,93104,1536,777,10522,1712,5392,47110,26054,11813,2207,1401,1691,6514,75871,45727,1345,44382,7,23905,105,6127,
Nov-1995,197559,744,444,23,152,1,125,17130,1332,217,3522,297,876,10,302,2471,670,7294,105,33,94759,1534,779,10467,1651,5309,45725,29293,11521,2269,1326,1652,6274,73405,44155,1275,42879,6,23100,102,6042,
Dec-1995,202428,741,456,21,122,1,140,16982,1281,208,3597,139,937,9,307,2552,631,7180,106,34,97109,1536,795,10862,1692,5486,46751,29987,11888,2339,1359,1687,6503,75709,45461,1283,44178,6,23877,103,6262,
Jan-1996,201354,712,447,20,119,1,125,17303,1225,212,3468,342,950,10,298,2565,673,7425,104,31,97493,1461,861,10323,1636,5486,46721,31005,11473,2183,1283,1662,6345,74373,44767,1380,43387,6,23740,99,5761,
Feb-1996,190727,659,385,19,125,1,130,16390,1110,201,3382,395,879,8,284,2419,678,6900,101,32,91811,1305,764,10375,1520,5119,43547,29182,10884,2054,1234,1555,6041,70983,42988,1225,41763,5,22245,91,5654,
Mar-1996,203715,780,474,23,136,1,146,17336,1375,202,3425,97,958,11,306,2663,727,7432,110,30,99092,1500,806,11538,1706,5538,47159,30846,11288,2138,1349,1647,6155,75219,45086,1294,43792,6,23968,91,6067,
Apr-1996,193317,879,553,28,149,2,148,17601,1260,216,3546,475,909,10,293,2618,778,7355,107,35,94403,1449,782,10687,1625,5318,45382,29161,10989,2135,1325,1581,5947,69445,41014,1228,39786,6,22753,90,5582,
May-1996,198208,885,560,26,148,1,150,17544,1310,196,3619,289,919,10,298,2708,712,7342,107,32,97639,1459,796,11164,1615,5294,46406,30905,11072,2085,1370,1622,5995,71067,41573,1262,40311,6,24068,89,5330,
Jun-1996,193746,855,544,25,137,1,147,16770,1295,194,3409,284,884,10,296,2674,611,6979,103,31,93860,1394,763,10893,1530,5221,44396,29664,10782,2063,1322,1560,5837,71479,42581,1201,41380,8,23325,86,5479,
Jul-1996,196471,904,579,28,142,1,154,17408,1310,224,3573,402,911,10,300,2807,654,7077,107,34,96868,1394,747,11088,1618,5498,45439,31083,11122,2152,1382,1620,5968,70169,40821,1243,39578,8,23865,87,5388,
Aug-1996,197162,873,565,25,148,1,134,17076,1400,218,3492,15,865,9,297,2820,654,7170,105,31,97368,1446,680,11262,1621,5709,45202,31450,11383,2029,1390,1639,6325,70463,41126,1168,39958,8,24082,86,5161,
Sep-1996,194456,834,537,31,139,1,126,17061,1390,214,3406,444,918,9,291,2761,698,6797,104,30,95010,1364,680,11134,1591,5123,44037,31080,11168,2039,1344,1634,6151,70382,42019,1140,40879,8,23235,89,5031,
Oct-1996,200907,879,541,30,156,1,150,17631,1360,226,3531,292,900,10,302,2872,744,7256,104,34,99291,1417,672,11516,1737,5488,45663,32798,11258,2107,1343,1696,6112,71848,42757,1178,41579,8,23888,90,5106,
Nov-1996,194268,847,539,25,146,1,135,16025,1290,197,3312,274,867,10,287,2674,662,6321,102,29,95973,1334,638,10903,1644,5280,43803,32370,10978,1945,1258,1618,6158,70445,42104,1119,40985,8,23379,78,4877,
Dec-1996,201685,877,569,28,145,1,135,17477,1250,223,3627,293,877,9,290,2734,714,7325,103,32,99994,1343,626,11268,1666,5405,45587,34100,11240,2023,1319,1567,6330,72097,43163,1145,42018,6,23862,82,4983,
Jan-1997,198466,868,570,23,137,1,138,17195,1240,175,3477,269,1112,10,284,2767,730,6997,104,31,98140,1299,715,10944,1653,5967,45150,32412,11118,2169,1324,1624,6001,71145,42767,1100,41667,6,23508,81,4782,
Feb-1997,182400,756,494,22,119,1,121,15697,1210,193,3168,149,823,9,261,2614,659,6481,101,29,91244,1183,706,10358,1543,5523,41756,30174,10255,2023,1242,1497,5494,64448,38746,1082,37664,7,21347,77,4272,
Mar-1997,200013,828,543,22,134,1,127,17657,1385,200,3646,258,683,10,290,2862,730,7448,115,31,100219,1298,771,11302,1704,6037,45840,33267,11301,2275,1359,1615,6052,70008,41262,1103,40159,6,23882,88,4770,
Apr-1997,193239,817,541,18,133,1,124,16613,1295,204,3508,344,455,9,274,2817,706,6862,106,32,97478,1228,664,11273,1679,5924,44467,32242,10690,2189,1274,1461,5766,67641,39915,1032,38882,6,23260,82,4378,
May-1997,200702,789,542,22,100,1,124,18187,1330,202,3507,275,1268,11,284,3072,730,7359,116,33,101239,1269,746,11614,1741,6082,45629,34158,11163,2135,1293,1647,6088,69324,40404,1040,39363,7,23903,100,4910,
Jun-1997,193252,772,533,30,92,1,117,17090,1315,147,3407,302,823,11,269,2983,706,6986,111,30,98529,1225,731,11065,1690,5327,44141,34350,10750,2138,1247,1571,5794,66110,37795,1000,36796,7,23416,88,4804,
Jul-1997,198691,756,497,21,112,1,125,17818,1405,252,3549,268,914,9,274,3079,730,7196,112,30,101364,1225,751,11377,1919,5912,45305,34875,11083,2113,1340,1633,5997,67669,38376,1013,37363,7,24341,86,4859,
Aug-1997,196769,799,536,25,108,0,130,17085,1420,201,3264,170,813,10,277,3108,730,6944,117,31,101243,1197,777,11290,1828,5954,45012,35185,10965,2096,1359,1608,5902,66677,37205,1011,36194,8,24558,79,4827,
Sep-1997,194575,777,523,22,110,0,122,16987,1420,224,3287,268,889,8,271,3042,706,6733,113,27,99581,1217,628,11200,1753,5707,43976,35100,10509,2062,1173,1592,5681,66721,38283,936,37347,7,23771,76,4583,
Oct-1997,200482,786,538,31,96,0,121,16676,1390,219,2672,301,812,10,285,3185,730,6922,115,36,103477,1264,656,11477,1914,5895,45536,36735,10960,2055,1319,1699,5887,68583,39869,977,38893,7,24685,77,3944,
Nov-1997,193778,745,511,23,86,1,125,15787,1375,191,2811,269,318,8,283,3108,706,6579,111,29,100594,1219,627,10946,1779,5714,44460,35850,10610,2069,1276,1690,5575,66042,38340,947,37392,7,23875,73,3747,
Dec-1997,202464,801,554,17,94,1,135,17571,1330,224,3539,114,1143,9,286,3196,730,6857,114,29,103910,1207,657,11288,1834,5792,45313,37820,11232,2293,1320,1680,5939,68950,39987,992,38995,5,24627,72,4259,
Jan-1998,202756,824,523,19,146,1,136,17308,1295,197,3522,416,870,9,286,3139,612,6816,113,34,106453,1181,746,11210,1986,6840,45909,38582,11049,2038,1386,1681,5945,67121,38097,1019,37078,6,24612,69,4337,
Feb-1998,181321,737,498,18,119,1,102,15524,1130,187,3191,121,809,8,269,2727,574,6386,100,23,95592,1027,668,11218,1830,5463,41312,34075,9568,1873,1267,1538,4891,59900,34661,885,33776,5,21380,64,3790,
Mar-1998,198639,775,480,19,152,0,124,15592,1165,197,2372,324,785,8,294,3039,636,6638,106,27,105573,1108,730,11293,2056,6616,45140,38630,10682,2044,1400,1709,5529,66017,37847,986,36861,5,24102,72,3991,
Apr-1998,194483,797,479,20,174,1,123,16516,1155,188,3244,253,800,9,284,3023,608,6822,108,22,103313,1044,707,11355,1927,6270,43016,38993,10566,1930,1435,1630,5571,63290,36009,951,35059,5,23577,66,3634,
May-1998,196754,847,542,19,164,0,122,16484,1162,174,3070,224,849,9,291,3115,518,6944,104,24,104584,999,696,11306,1915,6222,43723,39722,10039,1949,1475,1539,5075,64800,36375,1004,35372,6,24327,65,4026,
Jun-1998,188018,832,531,17,168,1,115,15214,1117,172,2763,244,700,7,267,2977,520,6331,99,18,100303,1011,636,11287,1982,5858,41599,37931,10290,1836,1383,1607,5463,61379,34046,1007,33040,6,23428,62,3836,
Jul-1998,192026,843,518,18,184,0,124,16022,1135,190,3139,218,762,9,258,2986,561,6639,101,23,100838,1032,677,11139,1897,5690,41721,38683,10364,1838,1406,1616,5504,63958,35819,1016,34804,7,24116,67,3949,
Aug-1998,192282,818,504,18,169,1,126,15735,1127,189,3075,216,706,7,257,2972,502,6561,100,24,102100,1045,673,11136,1818,5443,41772,40213,10279,1849,1407,1612,5411,63349,35108,999,34109,9,24258,84,3889,
Sep-1998,173676,773,427,20,191,0,135,14989,1120,187,2676,216,668,7,246,2849,588,6312,93,27,88266,964,628,11123,1641,5586,40185,28140,10010,1785,1346,1616,5263,59639,32796,980,31815,9,23144,63,3628,
Oct-1998,190420,800,461,18,187,0,133,15437,1113,183,3082,257,706,8,256,2968,466,6276,95,27,99720,1016,645,11094,1683,6135,41157,37990,10003,1670,1276,1599,5458,64459,37099,1000,36099,8,23509,64,3779,
Nov-1998,184198,766,465,15,168,0,118,14592,1110,183,2715,216,642,6,237,2871,498,6003,93,18,96692,970,606,11051,1650,6002,39708,36704,9967,1700,1329,1529,5409,62181,35037,969,34068,6,23462,62,3615,
Dec-1998,187347,830,543,16,158,0,113,14425,1103,161,2692,216,697,6,231,2897,458,5850,94,20,98588,1001,585,11008,1646,6203,39420,38725,10011,1852,1373,1523,5263,63494,35956,987,34969,6,23712,61,3759,
Jan-1999,184864,700,455,14,119,1,112,13800,995,161,2050,186,708,6,225,2822,479,6052,91,24,97240,982,632,10453,1458,5435,39197,39084,9739,1672,1253,1485,5329,63384,36094,990,35104,5,23434,63,3788,
Feb-1999,167034,621,391,13,103,0,114,13387,1035,146,2351,185,662,6,203,2550,492,5649,83,25,88682,890,550,10249,1348,4947,35443,35255,8756,1464,1240,1313,4739,55589,30905,864,30042,4,21247,57,3375,
Mar-1999,182362,684,418,16,114,1,135,13952,1027,174,1891,217,668,6,216,2809,555,6268,94,27,95934,959,601,10083,1482,5540,38576,38691,9591,1659,1184,1453,5296,62201,35148,942,34206,5,23321,62,3665,
Apr-1999,176616,679,398,18,131,1,131,13982,1055,166,2239,223,673,7,213,2732,537,6010,96,32,95211,884,583,10143,1434,5435,37050,39682,9167,1484,1235,1384,5064,57577,31669,909,30760,6,22412,59,3431,
May-1999,182122,626,370,16,114,1,125,13970,1005,154,2189,212,665,8,221,2820,496,6076,93,30,98015,945,587,10105,1513,5559,38147,41159,9414,1513,1294,1410,5197,60097,33719,929,32790,6,22798,59,3515,
Jun-1999,172808,628,372,17,129,0,109,13741,1005,173,2361,237,665,7,217,2726,492,5745,89,24,94927,911,564,10039,1417,5299,36136,40561,9121,1539,1257,1332,4994,54391,29021,887,28135,8,22087,58,3217,
Jul-1999,179738,685,421,19,128,1,116,13853,997,164,2377,250,649,8,214,2783,513,5783,90,26,98896,963,593,9977,1472,5466,37374,43050,9298,1532,1285,1355,5125,57006,30686,893,29793,8,22967,61,3284,
Aug-1999,179187,703,431,19,125,1,129,14356,1008,176,2847,252,613,8,229,2741,507,5856,91,28,97707,895,587,9898,1479,5505,37109,42235,9370,1540,1304,1360,5165,57051,31337,884,30453,6,22528,59,3121,
Sep-1999,174113,674,395,18,132,1,129,13939,1004,167,2706,263,643,9,223,2651,492,5660,90,31,96540,881,606,9839,1552,5329,36442,41891,9087,1483,1256,1282,5066,53873,28001,847,27154,6,22702,57,3108,
Oct-1999,184361,689,421,19,123,0,126,13994,938,133,2759,247,630,9,238,2786,454,5678,90,33,100521,973,614,9799,1563,5363,38109,44101,9245,1561,1262,1311,5110,59912,33109,929,32180,5,23515,58,3225,
Nov-1999,178811,689,420,18,130,0,121,14033,1031,178,2610,246,630,9,226,2682,480,5816,93,32,98621,906,606,9742,1633,5166,37180,43387,8898,1484,1149,1266,4999,56569,30704,917,29787,4,22755,57,3049,
Dec-1999,184716,670,403,19,123,1,124,14288,965,172,2666,259,630,9,238,2781,473,5963,100,32,101616,935,629,9681,1600,5332,38470,44968,9100,1538,1218,1302,5042,59042,32806,928,31878,3,23251,57,2924,
Jan-2000,179316,606,360,16,111,0,118,14341,997,179,3062,128,481,8,240,2766,510,5844,98,28,97380,934,578,9132,1594,5846,38241,41055,9496,1631,1314,1366,5185,57493,31751,935,30816,5,22784,56,2898,
Feb-2000,169703,564,349,19,108,0,88,13905,1027,170,2804,267,145,7,228,2627,507,5996,87,40,92304,858,592,8580,1465,5503,36030,39277,8884,1494,1244,1275,4872,54045,29906,885,29021,3,21332,53,2751,
Mar-2000,183464,662,373,19,145,1,124,15242,1025,187,2859,394,797,9,249,2818,661,6112,96,35,100736,919,624,9183,1669,5802,38258,44281,9490,1615,1327,1348,5201,57334,31395,823,30571,3,22865,55,3016,
Apr-2000,175625,624,385,16,108,1,114,14292,1030,166,2841,306,507,8,246,2722,500,5843,98,25,96156,887,601,8795,1625,5649,36836,41762,9098,1521,1287,1290,5001,55455,30241,893,29348,2,22234,52,2927,
May-2000,181242,692,411,17,130,1,133,14954,1035,185,2967,237,797,9,250,2804,567,5978,99,26,100057,905,623,8943,1701,5841,37606,44438,9402,1568,1320,1317,5197,56137,29934,909,29025,5,23086,52,3059,
Jun-2000,174686,656,379,17,130,1,129,14587,1040,184,2922,354,749,9,247,2698,537,5723,95,29,97341,884,571,8576,1695,5528,36234,43852,9134,1510,1315,1312,4998,52969,27758,868,26890,8,22220,52,2931,
Jul-2000,177920,653,389,17,128,1,118,14578,1039,174,2830,249,789,9,251,2748,509,5853,100,28,99064,866,593,8808,1704,5654,37121,44318,9254,1555,1310,1320,5069,54372,28288,875,27412,7,22971,52,3055,
Aug-2000,179451,679,396,19,137,1,126,15340,1015,187,3262,308,1199,9,250,2713,555,5719,95,27,100075,864,578,8976,1691,5539,37177,45252,9214,1553,1266,1309,5087,54142,28343,881,27461,6,22798,49,2947,
Sep-2000,172731,658,386,20,132,1,119,14603,991,167,2732,366,699,7,250,2668,563,6040,90,30,96667,834,576,8473,1659,5398,35866,43861,8938,1495,1224,1271,4948,51865,26767,820,25946,6,22292,49,2752,
Oct-2000,180080,687,418,18,132,1,119,14191,1008,181,2737,288,558,7,256,2805,635,5583,106,29,99884,849,624,8740,1724,5488,36999,45460,9264,1536,1296,1282,5150,56054,29935,908,29026,5,23253,51,2811,
Nov-2000,174980,642,386,20,129,0,108,13992,987,168,2613,185,861,6,242,2630,560,5613,100,28,96612,816,567,8337,1631,5361,35848,44053,8946,1480,1251,1253,4962,54788,29566,884,28682,4,22365,49,2805,
Dec-2000,181508,621,394,12,110,1,104,13950,1012,150,2834,383,325,6,248,2720,471,5672,106,21,100447,841,627,8882,1686,5589,37181,45641,9146,1523,1274,1293,5056,57344,31315,909,30407,5,22932,51,3040,
Jan-2001,179767,679,427,11,140,1,100,14079,838,167,2887,212,517,7,251,2763,543,5757,105,32,100698,828,645,8719,1684,5789,37020,46013,9072,1479,1319,1273,5002,55239,30384,870,29515,3,22160,47,2645,
Feb-2001,161843,591,359,12,124,2,94,12804,784,158,2507,227,485,7,224,2480,500,5307,97,28,90028,734,603,8282,1544,5387,33270,40208,8139,1291,1192,1162,4494,50281,27367,759,26608,3,20302,45,2564,
Mar-2001,182290,641,388,14,137,1,102,14813,876,174,3101,266,505,8,251,2739,537,6218,106,31,101127,817,651,9030,1727,5799,36603,46500,9077,1440,1345,1322,4970,56633,31271,896,30375,3,22430,49,2880,
Apr-2001,175879,635,383,14,135,1,102,14138,844,168,2880,267,490,8,241,2635,513,5954,103,37,98598,788,657,8825,1764,5692,35464,45408,8768,1383,1288,1296,4802,53740,29594,845,28750,4,21677,49,2414,
May-2001,180712,667,393,15,148,1,109,14306,914,188,2888,288,484,8,255,2742,520,5881,105,33,102356,797,653,9176,1711,5845,36204,47969,9032,1418,1341,1342,4931,54351,29669,952,28717,7,21966,50,2659,
Jun-2001,172974,617,361,15,139,0,103,13961,820,127,2862,243,636,8,247,2567,509,5811,101,30,97945,739,626,8779,1573,5507,34606,46116,8599,1362,1291,1282,4665,51851,28048,890,27158,5,21403,46,2349,
Jul-2001,178208,608,356,17,129,1,105,13926,843,176,2825,258,639,8,240,2674,491,5632,109,32,101449,783,646,9059,1594,5657,35747,47964,8867,1397,1321,1302,4847,53357,28725,1093,27632,7,22162,49,2414,
Aug-2001,177488,634,367,15,140,1,111,13988,877,194,2905,259,592,8,248,2675,537,5557,109,28,100403,786,641,8754,1558,5758,35622,47285,8812,1387,1386,1277,4762,53650,28768,1077,27691,7,22115,48,2712,
Sep-2001,171270,608,372,13,125,1,97,13344,778,138,2678,216,628,8,242,2576,450,5499,105,27,97885,771,611,8378,1536,5558,34127,46904,8649,1333,1355,1241,4721,50784,26749,1009,25740,6,21385,46,2598,
Oct-2001,178129,622,351,14,147,1,109,14403,872,186,2952,263,835,7,250,2653,490,5763,107,25,102141,788,635,8593,1707,5842,35770,48806,8858,1367,1396,1272,4823,52106,27734,1052,26682,4,21800,48,2520,
Nov-2001,176441,583,337,14,130,0,101,13641,822,173,2712,240,786,7,236,2560,476,5501,104,23,98928,757,625,8536,1502,5543,34253,47712,8545,1314,1356,1219,4656,54743,30686,1018,29668,5,21353,46,2654,
Dec-2001,182511,564,332,12,126,1,93,13885,824,173,2745,230,778,7,237,2627,485,5651,104,25,102286,746,599,8479,1628,5624,35611,49600,8701,1349,1330,1264,4760,57074,32416,1039,31378,5,21910,49,2694,
Jan-2002,182076,684,337,15,197,2,133,13871,857,174,2761,223,625,8,237,2624,478,5756,103,25,101582,734,621,8193,1697,5804,35477,49055,9148,1733,1451,1241,4723,56792,32101,1051,31050,4,21780,50,2856,
Feb-2002,164666,619,318,13,178,1,109,12406,784,133,2623,131,567,6,215,2404,432,4999,93,21,92098,689,554,7599,1571,5238,31959,44488,8237,1581,1297,1121,4238,51305,28864,895,27969,3,19875,45,2518,
Mar-2002,182460,700,352,14,197,2,135,13815,809,163,2755,299,592,7,235,2628,478,5722,106,20,101435,764,607,8348,1679,5700,34903,49433,9009,1740,1416,1222,4631,57502,32109,962,31147,6,22550,48,2790,
Apr-2002,175333,600,281,12,191,3,114,13734,878,169,2850,203,581,8,230,2533,463,5698,97,24,98010,741,600,7977,1610,5631,33653,47797,8785,1709,1367,1143,4566,54204,30267,992,29275,6,21311,45,2575,
May-2002,183057,636,305,14,197,1,118,14136,935,159,2907,239,612,11,236,2611,478,5830,98,20,103506,735,609,8348,1692,5782,34596,51743,9029,1730,1413,1193,4693,55750,31065,1009,30056,6,22103,48,2529,
Jun-2002,176532,623,297,12,191,2,121,13490,958,150,2704,255,590,8,226,2505,463,5516,93,22,99446,732,603,7995,1624,5445,32975,50071,8633,1643,1371,1123,4495,54340,30567,972,29596,6,21149,47,2571,
Jul-2002,178275,650,285,15,197,4,149,14054,1049,190,2925,214,600,9,226,2583,478,5655,101,25,101350,734,615,7976,1683,5599,33876,50868,8826,1668,1429,1132,4597,53395,28873,978,27895,6,21738,47,2731,
Aug-2002,179670,632,305,14,197,3,112,13947,973,166,2842,262,591,8,240,2647,478,5614,105,21,101500,730,630,8024,1603,5540,33968,51005,8934,1715,1447,1148,4624,54657,29905,943,28962,5,21890,47,2810,
Sep-2002,162336,616,289,15,191,2,118,13244,902,165,2731,138,567,7,229,2539,463,5377,103,23,89318,696,593,7097,1525,5672,32904,40830,8696,1716,1403,1079,4497,50463,26574,896,25678,6,21148,45,2690,
Oct-2002,166105,654,297,14,197,3,142,13604,996,176,2675,247,573,7,236,2613,478,5473,105,24,87704,717,609,6576,1572,5719,33980,38532,9012,1770,1470,1136,4636,55131,30477,916,29561,6,21879,45,2724,
Nov-2002,168706,578,268,13,191,1,106,13697,1024,151,2811,303,549,7,228,2535,463,5499,104,24,94715,690,600,7485,1531,5632,33233,45545,8733,1701,1440,1112,4481,50982,27237,853,26384,5,21062,43,2634,
Dec-2002,177372,611,299,13,197,1,100,13605,937,165,2795,208,773,7,245,2580,478,5282,107,28,98674,674,610,7703,1582,5799,34252,48054,9042,1815,1486,1121,4620,55440,31341,835,30506,5,21415,42,2637,
Jan-2003,178412,621,286,9,209,1,116,14063,1006,156,2918,164,553,7,240,2556,481,5840,110,32,99796,707,623,7703,1686,5695,34336,49045,9115,1800,1511,1144,4660,54817,30505,910,29595,5,21667,44,2596,
Feb-2003,161920,528,235,9,189,2,93,12123,880,139,2519,181,507,6,216,2316,434,4800,96,29,90762,634,564,7092,1496,5121,31046,44810,8257,1633,1413,1032,4179,50249,28420,832,27588,4,19402,40,2383,
Mar-2003,179907,603,280,10,209,0,103,13970,1035,158,2905,153,549,8,244,2531,481,5775,97,34,100894,692,639,7929,1710,5690,34578,49656,8975,1780,1540,1132,4524,55465,31682,865,30817,2,21315,43,2423,
Apr-2003,171774,669,260,12,203,3,190,13696,989,155,2818,355,538,7,231,2405,465,5601,100,31,96480,645,609,7685,1690,5442,33273,47136,8775,1766,1528,1085,4396,52155,29127,854,28273,1,20508,38,2482,
May-2003,175568,601,259,14,209,2,117,13685,986,158,2877,239,550,7,237,2462,481,5561,102,26,97840,619,632,7861,1664,5616,34030,47418,9054,1813,1581,1109,4551,54388,30704,909,29795,4,21046,45,2589,
Jun-2003,169772,625,284,12,203,0,125,13202,958,154,2796,204,521,7,232,2398,465,5350,94,21,94538,629,592,7501,1535,5418,32560,46303,8712,1779,1544,1077,4312,52696,29734,854,28880,4,20351,41,2566,
Jul-2003,170452,636,287,13,209,2,123,13674,1010,167,2918,222,530,8,231,2484,481,5501,101,21,94896,628,613,7543,1572,5640,33571,45329,8973,1788,1626,1104,4454,52274,28724,852,27872,4,20882,43,2621,
Aug-2003,172787,583,247,12,209,1,113,13358,977,154,2813,224,517,7,233,2481,481,5341,105,26,97071,678,610,7551,1564,5617,33529,47522,8975,1801,1665,1089,4421,52801,29294,839,28455,4,20887,41,2574,
Sep-2003,168270,616,277,14,203,1,123,13089,944,153,2834,192,498,7,223,2422,465,5227,101,22,94003,659,593,7300,1537,5462,32843,45608,8870,1830,1649,1036,4355,51692,28913,794,28119,5,20277,40,2457,
Oct-2003,174020,640,292,15,209,3,121,13562,992,165,2974,239,500,7,229,2458,481,5380,111,24,97366,670,615,7403,1634,5653,34071,47319,9194,1850,1783,1097,4464,53257,29981,792,29189,5,21002,41,2227,
Nov-2003,166397,607,269,12,203,2,122,12740,911,141,2711,236,475,7,219,2399,465,5047,108,21,92734,656,549,7145,1584,5533,32850,44417,8849,1778,1758,1067,4247,51466,28894,751,28142,5,20113,39,2416,
Dec-2003,172715,642,286,11,209,2,134,13752,1009,166,2889,130,730,7,217,2497,481,5491,111,24,96360,677,570,7304,1627,5703,33977,46502,9246,1892,1821,1126,4407,52715,29623,784,28840,5,20643,40,2404,
Jan-2004,173132,628,290,10,203,1,124,13301,857,130,2846,288,475,7,214,2454,490,5393,115,33,96897,663,598,7194,1629,5754,33797,47261,9117,1832,1795,1137,4353,53189,30252,781,29470,1,20442,40,2454,
Feb-2004,161583,603,260,12,190,1,141,12310,835,135,2605,156,464,6,200,2306,458,5009,111,23,91467,599,556,6781,1516,5281,31700,45034,8617,1773,1671,1099,4073,48586,27071,714,26357,1,19272,36,2206,
Mar-2004,174115,628,259,14,203,2,150,13776,970,159,2995,194,482,8,213,2546,490,5568,115,38,97050,667,606,7404,1627,5622,33758,47366,9412,1939,1925,1164,4384,53250,30348,752,29596,5,20422,40,2435,
Apr-2004,166810,608,256,13,196,2,141,13209,915,155,2777,251,467,7,208,2497,474,5322,109,29,93097,629,578,7061,1589,5383,32461,45396,9177,1901,1898,1174,4205,50718,28499,719,27780,5,19784,38,2391,
May-2004,172235,636,260,13,203,2,158,13673,925,150,2883,213,468,7,214,2603,490,5583,109,29,96197,619,576,7243,1624,5542,33223,47370,9526,1943,2007,1239,4338,52202,29192,744,28448,5,20534,38,2432,
Jun-2004,162208,587,232,14,196,1,143,12925,913,150,2816,220,482,7,203,2533,474,4990,108,28,89653,620,533,6904,1521,5248,31709,43117,9392,1899,2056,1179,4259,49651,27566,688,26877,5,19778,37,2267,
Jul-2004,170011,601,235,14,203,1,148,13439,924,152,2795,211,497,8,208,2593,490,5416,118,27,98653,613,569,7168,1594,5357,32762,50590,9612,1885,2104,1247,4376,47706,25130,674,24455,5,20233,36,2302,
Aug-2004,165072,595,226,17,203,1,148,13682,937,150,2946,142,499,9,213,2673,490,5484,113,26,96826,648,630,7154,1613,5378,32838,48565,9774,1919,2147,1260,4449,44194,21720,679,21042,5,20188,40,2242,
Sep-2004,152444,485,126,15,196,4,144,13326,918,149,2791,246,482,7,205,2610,474,5293,114,37,81119,430,529,6110,1540,5165,32023,35321,9599,1839,2182,1266,4313,47915,26080,628,25452,4,19549,41,2241,
Oct-2004,160270,605,235,18,203,1,148,13606,915,150,2833,235,478,7,212,2734,490,5400,117,35,84798,649,541,6645,1665,5342,33090,36867,9966,1879,2299,1320,4468,51294,28977,627,28351,6,20153,41,2117,
Nov-2004,162699,624,257,16,196,1,153,12848,930,142,2677,112,467,8,205,2735,474,4959,110,29,89260,648,517,6726,1655,5177,32073,42464,9730,1831,2273,1310,4316,50237,28408,596,27811,6,19615,38,2171,
Dec-2004,170815,623,268,14,203,2,137,14243,945,132,2913,282,690,7,211,2868,490,5560,117,28,94272,656,514,6880,1668,5268,33281,46005,10013,1894,2362,1350,4407,51664,29199,623,28576,5,20169,39,2252,
Jan-2005,168831,631,279,17,209,2,124,12786,819,111,2566,101,472,7,207,2797,481,5073,117,36,95074,684,528,7015,1502,5353,33740,46253,9925,1893,2363,1323,4345,50416,28462,610,27852,5,19546,40,2363,
Feb-2005,154038,543,219,16,189,2,118,12304,772,129,2569,215,430,6,188,2590,434,4832,112,26,86388,619,488,6475,1423,4822,30718,41843,9301,1760,2334,1228,3979,45502,25674,550,25124,4,17811,35,1979,
Mar-2005,173626,720,254,17,209,2,238,14047,922,152,2902,268,473,7,211,2957,481,5543,98,32,97809,685,459,7322,1591,5305,34033,48413,10271,1962,2619,1358,4332,50779,28537,615,27922,4,19861,39,2339,
Apr-2005,166885,571,242,17,202,2,109,13407,858,151,2825,220,449,7,203,2820,465,5269,112,27,94851,660,530,7148,1525,5067,32706,47214,9953,1873,2610,1311,4159,48104,26803,587,26216,4,19070,37,2189,
May-2005,173491,607,251,17,209,3,127,13503,864,152,2827,114,472,8,210,2889,481,5346,114,27,99175,677,545,7406,1564,5242,33439,50301,10469,2035,2724,1402,4308,49736,27682,629,27053,4,19632,39,2380,
Jun-2005,163263,574,223,17,202,3,130,12620,875,158,2822,283,448,7,199,2869,465,4358,113,25,93773,702,518,7057,1508,5001,32094,46894,10188,1912,2660,1375,4241,46108,24938,604,24333,5,19021,37,2108,
Jul-2005,162854,508,136,17,209,3,143,13746,854,153,2802,249,458,8,199,3039,481,5367,109,26,92283,569,533,6821,1515,5062,32887,44896,10555,1933,2780,1397,4445,45761,24133,609,23524,5,19493,38,2092,
Aug-2005,161153,556,180,17,209,2,148,12954,881,156,2945,156,478,7,204,3097,481,4412,112,26,89284,623,535,6576,1374,5064,33012,42100,10814,2016,2919,1437,4443,47545,25904,609,25295,5,19462,38,2136,
Sep-2005,126417,557,193,17,202,2,143,13686,843,145,2846,256,462,7,202,3041,465,5262,127,29,56062,652,501,3797,1162,4827,31152,13971,10556,1930,2860,1429,4337,45556,24455,596,23858,5,18802,36,2258,
Oct-2005,141200,580,208,17,209,3,143,13922,844,150,2880,152,495,7,204,3188,481,5372,123,26,67304,689,533,4710,1564,5249,33176,21383,10949,2016,2993,1493,4447,48446,26714,588,26126,4,19402,37,2289,
Nov-2005,145708,546,192,17,202,2,134,13634,821,145,2796,206,465,7,192,3155,465,5227,132,23,73652,648,499,5206,1460,4910,32387,28543,10693,1967,2926,1433,4367,47184,26156,539,25618,4,18782,35,2206,
Dec-2005,154630,578,209,17,209,2,140,14021,854,125,2840,316,630,7,189,3232,481,5201,125,21,81765,653,506,5667,1507,5062,33257,35114,10783,1931,2999,1488,4365,47483,25929,574,25355,3,19348,36,2167,
Jan-2006,156480,572,199,27,220,1,125,14039,883,191,3010,208,476,7,199,3024,462,5429,125,23,84564,624,495,5908,1527,5177,33639,37193,10900,1968,3034,1446,4452,46405,25779,553,25226,4,18682,37,1902,
Feb-2006,140894,529,180,24,199,1,125,12548,783,131,2696,133,442,7,182,2886,417,4743,108,20,75603,596,456,5418,1224,4688,30439,32783,9831,1830,2737,1298,3966,42382,22979,503,22476,3,17439,33,1929,
Mar-2006,155842,643,199,27,220,2,196,14421,886,150,3030,240,497,7,198,3253,462,5558,118,23,84996,678,509,6158,1437,5072,33691,37451,11167,2098,3087,1489,4493,44616,23322,542,22781,4,19081,36,2173,
Apr-2006,152450,569,195,26,213,1,134,13683,863,145,2930,211,475,7,190,3076,447,5232,97,10,82781,649,492,5936,1440,4869,32383,37011,10786,2022,2910,1495,4359,44631,24007,529,23478,4,18341,35,2244,
May-2006,159667,607,214,27,220,1,145,14494,892,150,3116,182,494,8,194,3368,462,5499,116,13,87093,638,508,6198,1493,5069,33158,40029,11185,2136,3076,1501,4473,46288,24838,518,24320,5,19075,37,2334,
Jun-2006,154884,575,194,26,213,2,141,14135,870,146,2992,237,475,7,192,3319,447,5326,113,12,85334,627,529,6096,1434,4862,31960,39826,10754,2015,2994,1452,4292,44086,23429,517,22911,4,18378,34,2241,
Jul-2006,157919,598,213,27,220,1,137,14438,866,142,2999,225,488,8,198,3391,462,5533,114,12,89455,653,483,6352,1509,4969,32932,42558,11235,2097,3113,1541,4485,42193,21112,535,20576,7,18819,36,2220,
Aug-2006,156232,616,213,27,220,1,155,14462,889,153,3075,167,490,8,196,3452,462,5439,117,15,89551,622,501,6348,1476,4602,32806,43196,11282,2096,3121,1578,4487,40320,19244,525,18720,6,18812,36,2222,
Sep-2006,150926,591,206,26,213,1,146,14090,838,137,2978,234,472,7,189,3355,447,5302,115,17,85179,592,477,6111,1431,4908,32121,39540,11001,2026,3061,1552,4362,40063,19650,499,19151,5,18288,34,2085,
Oct-2006,158353,579,193,27,220,2,138,14341,858,138,3032,112,479,8,194,3495,462,5423,123,18,88679,632,505,6248,1463,5060,33438,41333,11397,2171,3131,1536,4560,43357,22132,517,21615,5,18975,36,2208,
Nov-2006,151926,571,192,26,213,1,140,13987,842,148,3013,167,463,7,191,3432,447,5143,118,15,86233,606,495,6286,1420,5068,32506,39850,11001,2073,2961,1531,4436,40134,19649,495,19154,5,18305,34,2141,
Dec-2006,160768,553,162,27,220,2,143,14566,855,141,2798,224,597,7,190,3540,462,5610,126,16,89006,623,499,6558,1502,5108,33408,41308,11156,1969,3070,1509,4609,45487,24339,503,23837,4,18820,37,2287,
Jan-2007,158227,615,190,32,237,1,155,13395,803,136,2676,199,465,7,178,3549,438,4809,114,21,88402,613,501,6521,1518,5011,32790,41449,10940,1891,3064,1464,4522,44875,23934,492,23441,3,18750,39,2149,
Feb-2007,143294,549,167,29,214,2,137,12751,659,116,2627,148,412,6,167,3253,395,4843,108,15,80429,540,474,5915,1543,4659,30191,37106,10101,1803,2720,1456,4122,39464,21088,449,20639,3,16528,34,1812,
Mar-2007,158698,657,163,32,237,2,223,14725,874,146,3051,249,458,6,194,3632,438,5525,128,26,87848,627,520,6693,1910,5041,33501,39556,11469,2194,3015,1658,4602,43998,23137,470,22667,4,18658,36,2163,
Apr-2007,155500,595,168,31,229,2,166,14276,786,140,3077,86,437,6,193,3533,424,5453,121,20,86660,531,491,6455,1611,4916,32481,40177,11275,2225,2880,1647,4523,42694,22345,466,21878,3,18178,37,2131,
May-2007,161337,608,161,32,237,2,176,14868,838,142,3196,365,475,7,199,3706,438,5351,131,19,89595,579,524,6660,1658,4995,33244,41935,11709,2309,3016,1746,4638,44557,23725,474,23251,4,18726,37,2065,
Jun-2007,152143,589,152,31,229,1,175,14103,790,146,3012,234,455,7,193,3640,424,5053,125,25,84804,573,503,6383,1667,4786,31743,39149,11191,2189,2877,1642,4482,41457,21430,464,20966,4,17960,31,2032,
Jul-2007,156139,576,152,32,237,2,153,14885,834,142,3155,219,475,7,208,3807,438,5434,142,24,86367,616,508,6502,1746,4892,32825,39277,11399,2231,2953,1688,4527,42912,22198,464,21734,4,18600,30,2080,
Aug-2007,154508,602,163,32,237,2,168,15561,831,154,3406,247,461,7,209,3831,438,5804,146,28,86309,640,508,6395,1768,4989,32977,39031,11556,2305,2941,1693,4617,40479,19957,450,19508,1,18395,33,2091,
Sep-2007,147050,601,184,31,229,2,155,14849,816,140,3045,250,462,7,196,3780,424,5543,157,30,81477,620,492,6253,1738,4787,32075,35513,11059,2158,2819,1613,4469,39064,19179,444,18735,5,17865,33,1982,
Oct-2007,156674,619,184,32,237,2,164,15284,824,162,3349,108,490,7,208,3977,438,5522,175,25,86971,601,503,6368,1830,5044,33229,39396,11569,2359,2957,1654,4599,42231,21642,442,21201,5,18570,36,1978,
Nov-2007,151052,606,190,31,229,1,155,14906,785,152,3171,263,473,8,196,3894,424,5358,160,25,82168,571,497,6317,1819,4955,32515,35495,11193,2295,2781,1627,4491,42178,22188,433,21755,4,17879,31,2077,
Dec-2007,158368,640,203,32,237,2,166,14916,769,152,2826,298,609,6,195,4186,438,5255,158,25,88242,660,510,6517,1864,5104,33701,39886,11290,2235,2884,1647,4524,43280,22773,440,22333,3,18410,31,2063,
Jan-2008,158503,659,201,33,254,2,170,15763,812,155,3385,108,489,6,191,4233,433,5775,151,24,88722,642,520,6377,1785,5046,33914,40439,11137,2251,2790,1653,4443,42222,22027,421,21605,3,18170,32,1990,
Feb-2008,149259,605,168,31,238,1,167,14133,682,132,3053,256,509,6,183,3975,405,4764,142,26,84487,620,479,6053,1688,4815,32020,38811,10546,2225,2581,1576,4164,39488,20479,365,20114,1,17000,31,1977,
Mar-2008,160961,698,184,33,254,1,225,16121,806,141,3285,155,548,7,197,4428,433,5939,153,30,89923,655,512,6536,1848,5141,34549,40682,11489,2472,2738,1763,4516,42729,22517,405,22112,5,18194,36,1977,
Apr-2008,154669,648,172,32,246,1,197,15149,798,143,3240,199,506,7,190,4488,419,4981,149,29,86853,537,504,6374,1746,4857,33397,39437,11338,2433,2625,1819,4460,40681,21033,405,20628,4,17718,36,1889,
May-2008,159453,578,104,33,254,1,187,16579,788,156,3244,412,532,9,194,4807,433,5883,86,34,89232,665,514,6563,1837,5009,34404,40241,11574,2519,2674,1871,4509,41491,21220,418,20802,5,18239,37,1989,
Jun-2008,154129,615,156,32,246,2,180,16077,777,141,3204,156,493,8,190,4952,419,5566,144,27,87045,632,501,6445,1942,4826,32920,39779,11194,2471,2582,1812,4329,39198,19655,411,19244,5,17504,36,1998,
Jul-2008,160512,629,172,33,254,1,168,16803,834,162,3200,215,521,9,197,5326,433,5729,150,25,91663,651,517,6628,1852,5059,34429,42526,11492,2518,2605,1887,4482,39925,19829,433,19396,5,18175,37,1878,
Aug-2008,155184,621,161,33,254,2,172,17452,803,169,3408,323,534,9,213,5510,433,5870,148,33,88212,657,517,6282,1841,5039,34421,39454,11557,2539,2605,1919,4494,37343,16879,419,16460,5,18241,39,2178,
Sep-2008,119373,606,156,32,246,1,171,17281,798,165,3475,130,509,10,213,5658,419,5732,147,25,49947,635,485,3387,1796,4701,31673,7271,11440,2642,2584,1881,4334,40100,20432,394,20038,5,17600,38,2024,
Oct-2008,146893,634,175,33,254,1,171,18074,813,176,3451,244,530,10,217,6289,433,5732,148,33,73931,659,518,5754,1983,5226,34889,24901,11804,2662,2674,1986,4482,42450,22193,380,21813,5,18178,39,2034,
Nov-2008,152570,608,178,32,246,1,151,17947,745,157,3321,327,514,10,203,6436,419,5654,137,23,80997,665,499,5941,1843,5120,34243,32687,11572,2620,2573,1966,4413,41445,21846,358,21488,4,17571,37,1987,
Dec-2008,158478,581,125,33,254,1,168,17859,774,162,3396,120,607,9,207,6246,433,5734,144,28,86706,677,512,6008,1944,5316,35149,37098,11480,2589,2565,1908,4419,41852,21765,361,21404,4,17941,37,2106,
Jan-2009,159410,419,58,28,247,1,85,17228,704,131,3457,315,525,8,202,5788,414,5507,154,23,89047,639,504,5838,1914,5310,35121,39722,11598,2624,2518,2000,4457,41118,21039,352,20687,3,17949,37,2089,
Feb-2009,146808,399,53,26,223,1,97,16353,702,137,3138,190,479,7,185,5350,374,5636,135,21,81700,577,462,5374,1746,4907,31590,37044,10592,2447,2305,1838,4002,37765,19820,322,19498,3,16092,33,1817,
Mar-2009,161697,508,55,28,247,1,178,17505,839,154,3337,170,502,7,195,6017,414,5701,143,24,91004,635,494,5904,1920,5370,34665,42015,11533,2659,2509,2016,4349,41147,21982,328,21654,4,17874,38,1250,
Apr-2009,158556,435,59,27,239,1,110,17252,757,150,3273,105,503,8,184,5874,401,5836,140,23,91114,614,485,5833,1931,4991,33306,43956,11038,2444,2385,1931,4278,38716,19577,132,19445,3,17204,33,1899,
May-2009,166854,446,66,28,247,1,104,18254,760,137,3282,343,516,8,192,6343,414,6100,137,22,96057,619,494,5923,1921,5178,33765,48157,11401,2549,2438,2021,4393,40696,21008,113,20895,4,17771,33,1880,
Jun-2009,158193,499,57,27,239,1,175,17962,752,142,3299,154,509,8,187,6418,401,5926,139,27,92468,576,474,5698,1873,4880,32131,46835,10996,2500,2322,1909,4264,36269,17122,107,17015,4,17166,34,1944,
Jul-2009,167360,451,59,28,257,1,105,18736,771,157,3422,318,508,8,188,7027,414,5767,135,22,100455,578,486,5734,1945,4969,32952,53789,11056,2515,2336,1913,4291,36661,17089,101,16988,5,17536,35,1997,
Aug-2009,166547,463,63,28,257,1,114,17099,760,158,3294,120,511,8,187,7166,414,4326,134,20,100746,594,494,5791,1957,5074,33069,53768,10988,2553,2279,1907,4249,37251,17733,171,17561,4,17520,44,1950,
Sep-2009,166823,500,60,27,249,1,163,18572,768,157,3287,314,514,8,182,7107,401,5676,134,21,98630,573,476,5739,1895,4945,32432,52569,10739,2486,2212,1820,4221,38383,19562,262,19301,4,16951,33,1832,
Oct-2009,171042,449,54,28,257,1,108,18652,782,162,3244,215,538,9,185,7422,414,5519,141,21,101139,596,461,5889,1999,5205,33499,53491,11058,2512,2241,1914,4391,39744,20401,291,20110,5,17356,36,1946,
Nov-2009,161585,429,53,27,249,1,99,18259,735,157,3256,149,522,12,179,7354,401,5334,140,20,93518,586,459,5417,1961,5180,33022,46894,10856,2549,2134,1826,4347,38523,19865,269,19596,4,16757,42,1855,
Dec-2009,168984,511,60,28,257,1,164,18427,769,161,3176,216,565,13,174,7474,414,5310,132,24,99952,603,466,5684,2171,5169,33792,52068,10823,2528,2157,1849,4289,39271,20294,304,19991,2,17088,39,1848,
Jan-2010,167078,542,101,32,272,1,136,17683,679,137,3191,327,582,12,182,7291,405,4739,114,22,99115,563,470,5390,2062,5263,34060,51307,10953,2678,2094,1836,4346,38785,19849,312,19537,2,17018,37,1880,
Feb-2010,155250,509,114,29,245,1,119,17549,727,136,3014,135,525,13,171,7288,366,5023,132,20,92167,499,440,5069,1872,5002,31391,47896,10155,2469,1981,1703,4002,34870,17782,286,17496,2,15359,34,1693,
Mar-2010,170567,578,125,32,272,1,148,20087,810,161,3431,157,599,16,191,8568,405,5587,140,22,99256,597,496,5720,2040,5569,35244,49590,11429,2719,2169,2018,4524,39217,20030,323,19707,1,17165,39,1980,
Apr-2010,161430,585,133,31,263,1,157,19843,796,154,3426,176,551,17,185,8511,392,5485,129,21,92239,552,472,5484,1942,5242,34109,44439,11079,2646,2061,1984,4389,37684,19190,332,18858,2,16608,37,1847,
May-2010,167024,625,166,32,272,1,153,20535,750,144,3381,304,544,15,194,9222,405,5425,129,22,97497,577,493,5750,2018,5503,35526,47629,11533,2766,2140,2079,4547,36835,17710,295,17415,4,17186,39,1896,
Jun-2010,161325,627,158,31,263,1,174,20979,768,158,3442,205,550,15,190,9398,392,5716,125,21,94226,565,483,5584,1955,5183,34158,46298,11062,2568,2045,2055,4394,34431,16034,307,15727,5,16525,32,1835,
Jul-2010,164196,645,170,32,278,2,163,21777,774,160,3442,213,584,12,197,9930,405,5904,134,22,94614,615,479,5783,2025,5532,35726,44455,11366,2554,2145,2151,4516,35795,16886,323,16563,4,17040,34,1830,
Aug-2010,168607,635,168,32,278,1,156,21789,756,161,3469,132,597,10,204,10180,405,5714,139,22,98873,629,478,5786,2033,5567,36161,48220,11737,2870,2153,2191,4523,35571,16686,326,16359,3,17108,34,1741,
Sep-2010,168233,619,157,31,269,1,161,21802,761,158,3392,273,610,9,198,10251,392,5590,149,21,97424,626,475,5692,1973,5332,35729,47597,11586,2865,2139,2143,4439,36802,18413,298,18116,5,16605,34,1745,
Oct-2010,174182,632,154,32,278,1,167,22321,771,157,3396,210,600,9,203,10607,405,5798,143,22,100912,634,490,5794,2042,5759,37674,48519,12613,2943,2190,2211,5269,37703,19173,317,18855,5,16717,36,1773,
Nov-2010,166981,620,155,31,269,1,164,22375,732,156,3321,72,571,10,205,10664,392,6092,139,21,96115,639,473,5550,2006,5706,37276,44465,11547,2890,2097,2125,4435,36324,18185,350,17836,4,16420,35,1680,
Dec-2010,173579,632,176,32,278,0,144,23116,744,153,3564,313,595,9,211,10620,405,6346,135,22,100583,658,485,5671,2112,5823,39614,46220,11818,3014,2118,2176,4510,37430,18966,298,18668,3,16619,36,1808,
Jan-2011,170115,664,172,32,299,1,161,22486,728,151,3352,165,586,10,204,10583,395,6144,138,30,102917,638,484,5659,2100,5922,39704,48410,11415,2896,2031,2088,4400,32633,14378,137,14242,2,16581,34,1638,
Feb-2011,151003,596,147,29,270,1,148,19620,615,145,3049,95,524,10,184,9720,357,4776,124,22,86532,596,443,5142,1889,4586,34352,39525,10519,2746,1867,1913,3994,33736,17114,294,16820,2,15115,31,1474,
Mar-2011,173763,684,173,32,299,1,179,23972,809,161,3659,211,575,11,206,11125,395,6656,139,25,99693,664,491,5981,2053,6029,41406,43069,12038,3233,2059,2199,4548,37375,18940,323,18617,2,16691,32,1710,
Apr-2011,166440,659,166,31,290,1,172,22536,719,150,3416,194,546,12,202,10490,383,6269,133,24,95346,649,474,5610,1993,5796,40434,40390,11773,3207,1951,2148,4468,36126,18183,320,17863,2,16205,32,1703,
May-2011,173880,682,169,32,299,1,181,23761,728,143,3582,190,577,11,218,11235,395,6530,128,25,100712,707,494,5777,2059,5974,43137,42564,12098,3283,2016,2199,4600,36627,18043,310,17734,3,16842,36,1702,
Jun-2011,167264,652,162,31,290,1,168,23934,749,165,3490,209,564,10,219,11528,383,6468,125,24,96209,687,480,5536,1994,5794,41970,39748,11903,3222,1958,2166,4557,34566,16603,328,16275,3,16226,36,1698,
Jul-2011,168226,668,164,32,289,1,182,25764,774,170,3443,276,560,10,213,13150,395,6610,139,25,97134,717,506,5696,2095,6097,44479,37543,12235,3295,2026,2221,4693,32425,14036,359,13677,2,16599,36,1751,
Aug-2011,174883,704,144,32,289,1,238,26364,814,181,3644,179,584,9,216,13773,395,6403,141,25,100810,745,490,5804,2060,6207,46073,39431,12407,3435,2044,2247,4681,34598,16310,332,15978,6,16570,35,1677,
Sep-2011,167058,670,173,31,280,1,186,25617,789,177,3419,210,581,9,218,13864,383,5806,137,24,93449,700,496,5542,1986,6019,46012,32694,12097,3402,1965,2229,4501,35225,17544,317,17227,3,15974,35,1669,
Oct-2011,181710,689,187,32,289,1,180,27456,822,184,3410,198,614,9,225,15144,395,6284,146,25,105009,735,501,6110,2051,6238,49368,40006,12710,3551,2099,2341,4719,35846,17539,336,17203,4,16559,33,1711,
Nov-2011,179247,669,182,31,280,1,176,27054,804,182,3638,95,599,9,217,15254,383,5709,141,24,103529,754,503,5952,1969,6366,49644,38340,12523,3549,2063,2269,4643,35471,17794,308,17485,4,16145,34,1495,
Dec-2011,187155,682,185,32,289,1,176,29817,809,177,3407,305,621,8,221,16534,395,7171,144,25,107132,781,516,6154,1996,6439,52264,38982,12888,3642,2077,2303,4867,36636,18345,327,18018,3,16665,34,1589,
Jan-2012,190462,731,182,31,331,1,187,30203,803,172,3696,106,607,11,274,16920,433,6993,157,31,109870,775,534,5963,1973,6728,53371,40527,12972,3716,2060,2324,4872,36685,18374,324,18051,4,16651,32,1623,
Feb-2012,180955,705,174,29,310,1,192,29332,780,165,3428,649,587,11,238,16137,405,6757,146,29,104655,732,526,5477,1871,6285,51307,38458,12263,3544,1990,2204,4525,34000,16885,330,16554,3,15590,32,1490,
Mar-2012,193843,769,180,31,331,1,225,30307,822,188,3649,364,623,11,277,17940,433,5818,152,31,114462,787,561,5952,2074,6798,55663,42626,13337,3928,2081,2414,4915,34968,17592,302,17290,4,16547,32,793,
Apr-2012,187385,726,163,30,320,1,211,30153,805,166,3589,51,625,11,253,18283,419,5779,142,30,109673,751,542,5814,2002,6702,55867,37996,12843,3676,2127,2374,4665,33990,16571,341,16230,4,16219,31,1165,
May-2012,195415,737,171,31,331,1,204,33205,847,186,3750,411,632,16,254,19886,433,6606,153,31,112610,753,547,6115,2141,6955,59065,37033,13596,4082,2186,2474,4854,35267,16926,329,16597,3,16728,32,1578,
Jun-2012,187949,733,179,29,320,1,205,34064,812,181,3563,242,607,15,266,19859,419,7923,146,30,107603,751,528,5790,2064,6837,58221,33412,12924,3784,2040,2438,4662,32624,14790,307,14483,4,16249,30,1551,
Jul-2012,199032,803,189,31,398,1,184,35805,827,184,3645,226,607,16,257,20892,433,8539,147,31,117361,787,529,6101,2097,7336,61699,38812,13713,4018,2248,2566,4882,31350,12872,348,12524,5,16791,30,1652,
Aug-2012,197240,820,173,31,398,1,217,37852,837,199,3725,220,634,17,216,21745,433,9653,144,31,113632,826,537,5515,2046,7319,63330,34060,14025,4104,2299,2665,4956,30912,12539,341,12198,5,16778,31,1559,
Sep-2012,196673,778,172,30,385,0,191,35659,785,202,3530,242,602,16,243,21783,419,7666,139,30,113534,826,547,5155,2008,7339,62375,35285,13883,4174,2259,2638,4812,32819,15062,352,14710,5,16113,29,1610,
Oct-2012,215015,842,181,31,398,1,232,38609,828,248,3856,215,619,18,268,23146,433,8803,143,31,125155,847,561,6344,2134,7782,66328,41160,14938,4770,2445,2774,4948,35471,16946,350,16597,5,16864,30,1626,
Nov-2012,210714,860,188,30,385,1,256,36257,809,241,3673,189,602,17,244,21997,419,7890,144,30,124429,837,576,6133,2061,7586,66061,41176,14672,4785,2348,2685,4853,34497,16596,337,16258,6,16218,29,1648,
Dec-2012,219452,881,184,31,398,0,269,39009,779,219,3639,280,650,17,233,23730,433,8855,142,31,129254,854,550,6281,2122,7884,68842,42721,15077,4991,2410,2654,5022,35230,17215,374,16841,5,16598,29,1383,
Jan-2013,219175,973,187,27,397,1,362,39289,818,226,3956,152,656,19,198,22811,477,9798,150,28,128998,901,567,6134,2111,7879,70108,41298,14763,4853,2387,2578,4945,35153,17012,384,16628,5,16545,27,1563,
Feb-2013,199592,920,167,24,358,1,370,35312,726,186,3260,177,592,14,187,21789,431,7782,142,26,117983,809,519,5657,1905,7222,65043,36829,13714,4516,2196,2453,4549,31663,15147,350,14796,5,15023,28,1462,
Mar-2013,223109,1106,200,27,397,1,482,41120,812,205,4089,342,638,15,209,24276,477,9863,165,28,130142,883,566,6150,2110,8042,73499,38892,15705,5069,2479,2775,5381,35037,16527,390,16137,5,16921,30,1554,
Apr-2013,221345,999,120,26,384,1,469,41096,792,201,4002,90,616,16,203,23696,542,10756,154,27,130218,844,552,5896,2065,8254,72529,40078,15305,4994,2474,2725,5112,33726,15676,386,15289,5,16455,29,1561,
May-2013,226266,1182,169,27,397,1,589,41885,802,196,4065,260,643,18,214,25026,560,9923,149,28,132700,878,554,6167,2106,8570,77216,37208,15986,5139,2525,2918,5404,34514,15977,430,15546,7,17026,27,1478,
Jun-2013,217915,1224,167,26,384,1,647,41341,755,198,3829,400,616,17,211,24594,542,10009,143,27,127328,831,538,6023,1976,8383,75921,33656,15557,5094,2398,2821,5245,32466,14567,424,14143,6,16360,28,1505,
Jul-2013,231469,1390,172,27,494,1,697,43087,834,200,3911,124,646,15,222,26940,814,9207,147,28,136677,875,546,6142,2076,8732,79943,38364,16379,5540,2553,3037,5248,33937,15282,468,14814,6,16927,29,1693,
Aug-2013,233139,1422,197,27,494,1,704,46464,839,205,3990,336,656,18,236,28144,814,11040,157,28,136332,894,567,6165,2065,8929,80976,36735,17066,5836,2558,3136,5536,31855,13275,504,12772,5,17010,28,1536,
Sep-2013,232347,1348,200,26,478,1,643,44076,782,186,3841,124,644,17,239,27902,787,9363,162,27,137594,851,543,5903,1959,8873,79889,39576,15973,5010,2415,3111,5437,33356,15338,492,14846,4,16443,28,1543,
Oct-2013,239000,1357,203,27,494,1,633,47059,819,202,4164,313,657,18,275,29162,849,10417,154,28,138193,897,561,5915,2021,9239,83079,36481,17754,6475,2492,3248,5539,34638,16144,514,15630,5,16938,26,1526,
Nov-2013,236545,1363,197,26,478,0,662,46019,770,198,3845,395,632,17,290,29187,822,9673,164,27,137391,867,542,5813,1944,8502,80645,39078,17556,6435,2429,3157,5535,34217,16078,521,15557,4,16592,27,1516,
Dec-2013,245763,1399,196,27,494,1,681,46883,791,196,3893,181,664,16,323,28636,849,11146,160,28,144643,875,584,5960,2006,9198,86176,39844,17297,6464,2382,3059,5392,35542,16931,560,16372,4,16957,27,1622,
Jan-2014,249009,1373,182,29,563,1,599,47248,700,165,4280,258,606,15,303,28908,1006,10822,157,28,147006,800,589,5697,1909,9379,88232,40400,17806,6561,2411,3186,5647,35576,16799,556,16243,4,17137,26,1611,
Feb-2014,227546,1281,166,26,508,1,580,42729,658,157,3553,193,580,14,287,26512,908,9705,138,25,135780,777,514,5244,1799,8723,81467,37255,16407,6033,2228,2979,5168,31349,14435,499,13936,5,15455,24,1430,
Mar-2014,256109,1420,190,29,563,1,638,48665,785,197,4077,238,667,16,257,30107,1006,11134,153,28,152224,839,645,5973,1986,9834,91920,41026,18945,7200,2453,3347,5945,34855,16436,540,15895,5,17098,27,1289,
Apr-2014,258148,1297,189,28,544,1,535,50509,804,183,4067,287,638,25,234,29968,1138,12996,144,27,153188,790,536,5677,1932,9860,91650,42743,18806,7117,2429,3377,5883,34348,16104,510,15594,5,16772,26,1440,
May-2014,266739,1371,191,29,563,1,588,51257,813,206,4233,426,630,18,233,32054,1176,11293,147,28,158781,836,568,5951,1999,10282,95339,43807,20012,7828,2454,3491,6239,35317,16249,530,15719,4,17422,27,1614,
Jun-2014,261545,1361,204,28,544,1,584,51406,786,202,3916,265,594,17,232,32567,1138,11517,146,27,155818,805,556,5772,1934,9882,94522,42347,20075,7919,2436,3436,6284,32886,14540,486,14054,4,16746,27,1569,
Jul-2014,273253,1425,194,29,599,1,602,54895,839,221,4253,110,612,17,238,34361,1349,12713,153,28,163897,801,573,5806,2049,10609,99787,44272,20944,8413,2577,3514,6440,32093,13097,566,12531,6,17330,28,1632,
Aug-2014,275145,1472,180,29,599,2,662,54798,836,223,4215,379,600,15,248,34925,1349,11831,148,28,165808,787,572,5854,2061,10729,101291,44516,21459,8714,2561,3522,6662,31607,12339,569,11770,6,17575,26,1662,
Sep-2014,271404,1456,171,28,580,1,676,56023,822,242,4197,274,585,15,220,35327,1306,12858,149,27,159955,818,568,5663,2048,10057,98136,42665,21031,8367,2528,3468,6668,32939,14329,582,13746,5,17042,26,1538,
Oct-2014,286231,1519,185,29,599,2,704,58918,865,249,4432,292,616,16,257,36458,1533,14020,152,28,168633,834,588,5830,2219,11433,103453,44275,22446,9064,2613,3582,7187,34715,15506,611,14895,5,17617,26,1561,
Nov-2014,279201,1485,183,28,580,1,694,57173,778,223,4078,410,577,14,279,35436,1484,13717,150,27,164875,849,557,5527,2156,11252,102877,41657,21636,8917,2538,3446,6735,34033,15388,553,14834,4,17085,25,1531,
Dec-2014,294365,1545,192,29,599,2,723,58860,863,239,4206,245,617,14,262,37845,1533,12847,160,28,175797,892,580,5783,2255,11780,109490,45018,23152,9653,2672,3547,7280,35011,15954,599,15356,4,17420,27,1605,
Jan-2015,290746,1464,193,24,561,2,683,58899,795,211,4169,279,587,14,260,36643,1860,13898,158,25,171888,852,556,5719,2194,11276,106287,45003,23849,10517,2587,3451,7294,34646,15510,594,14917,3,17475,25,1633,
Feb-2015,266465,1432,182,21,564,1,663,52968,664,181,3745,256,516,11,264,32782,1680,12704,141,23,159246,800,487,5120,2013,10853,99213,40760,21878,9708,2406,3081,6683,30941,13659,536,13123,3,15735,22,1522,
Mar-2015,296531,1579,173,24,621,1,762,59497,755,190,4205,118,574,13,272,36661,1860,14673,150,25,176387,875,537,5483,2251,12864,111574,42802,24580,10888,2619,3422,7651,34488,15685,600,15085,4,17393,24,1382,
Apr-2015,288801,1468,124,23,592,1,728,56856,839,194,3815,128,542,13,254,34855,2163,13883,146,24,173208,792,512,5253,2198,12692,106641,45121,23860,10618,2453,3250,7539,33409,15297,603,14694,5,16797,25,1286,
May-2015,293617,1593,206,24,618,1,745,59306,816,186,3793,416,556,13,257,37048,2235,13820,142,25,174958,846,524,5423,2261,13126,109253,43525,24320,11035,2499,3315,7471,33440,14651,596,14054,4,17333,24,1427,
Jun-2015,279588,1515,196,23,573,1,723,57387,786,183,4075,188,525,12,241,36106,2163,12950,132,24,167070,804,511,5143,2086,12347,103789,42389,22980,10451,2347,3088,7094,30637,13398,550,12848,4,16483,24,727,
Jul-2015,291964,1508,194,24,601,1,689,58697,817,177,3886,278,536,13,232,37216,2258,13121,139,25,176648,812,517,5216,2096,12456,107002,48549,23661,10802,2428,3132,7298,31450,13941,576,13365,5,16879,25,600,
Aug-2015,290916,1421,196,24,565,1,635,57917,809,190,3760,225,537,13,283,36615,2258,13065,138,25,177641,794,515,5215,2044,12763,105800,50510,23742,11072,2338,3077,7254,30195,12643,545,12098,4,16942,24,584,
Sep-2015,282676,1344,182,23,553,1,585,55024,821,183,3608,235,514,12,224,34665,2185,12423,131,24,173039,795,508,5113,1966,12373,102448,49836,22138,10044,2236,2845,7012,31131,14173,514,13659,3,16376,22,558,
Oct-2015,290098,1356,191,24,577,1,563,57286,832,184,3635,309,526,13,218,36137,2439,12834,133,25,175494,807,512,5218,2013,12508,105533,48904,23114,10761,2266,2872,7215,32847,15408,549,14858,2,16829,23,585,
Nov-2015,279132,1307,184,23,568,1,532,54748,761,163,3192,74,503,11,196,35219,2361,12117,128,24,168465,758,489,4969,1897,12364,102273,45716,21999,10203,2171,2696,6930,32613,15685,503,15182,0,16336,23,569,
Dec-2015,285980,1473,187,24,600,1,662,56047,828,176,3598,357,508,12,194,35499,2439,12282,129,25,172812,760,496,5009,1901,11124,103773,49748,22158,10132,2211,2757,7057,33490,16191,519,15671,1,16705,23,571,
Jan-2016,285002,1472,180,24,599,1,669,54848,693,142,3373,232,482,11,198,34406,2269,12893,129,19,173897,750,484,4847,1872,11826,104189,49929,21621,10072,2129,2676,6744,33164,15987,502,15485,1,16590,22,564,
Feb-2016,265253,1367,162,22,537,1,645,52142,697,133,3293,117,462,10,171,32313,2164,12645,118,20,161202,671,455,4723,1716,11854,96134,45649,19855,9329,1989,2418,6119,30686,14715,465,14249,1,15448,22,499,
Mar-2016,284402,1393,173,24,558,1,638,55524,785,160,3479,252,479,11,190,34306,2242,13474,123,22,173571,691,467,5097,1771,12665,102151,50728,21048,9885,2081,2536,6546,32865,15843,492,15352,1,16299,23,699,
Apr-2016,268413,1438,159,23,600,1,655,50818,723,149,3072,167,456,11,197,31201,2037,12669,115,21,165216,651,466,4927,1720,12310,97355,47787,20150,9493,1972,2492,6194,30790,14667,472,14195,1,15676,22,425,
May-2016,275353,1435,163,24,571,1,676,52591,725,152,3106,102,489,10,197,32361,2017,13288,123,22,168860,686,446,4988,1842,12274,98998,49627,20244,9643,2001,2516,6083,32224,15661,477,15183,0,15815,23,724,
Jun-2016,261331,1332,158,23,470,1,680,50360,745,159,3003,324,482,11,184,30684,1924,12706,116,24,160923,656,434,4683,1839,11757,95208,46346,19298,9276,1907,2369,5747,29418,14103,447,13656,0,14777,24,515,
Jul-2016,269418,1398,151,24,480,1,743,51523,690,150,3004,266,481,10,189,31811,1850,12934,118,19,166107,670,441,4725,1829,12126,97980,48336,20284,9937,1912,2488,5948,30106,13584,488,13096,0,15927,24,572,
Aug-2016,271523,1382,163,24,487,1,708,50018,741,158,3013,164,476,10,189,30274,1707,13145,118,24,169124,690,445,4684,1818,12236,98257,50994,20308,9995,1895,2608,5811,30690,14226,488,13738,0,15887,24,552,
Sep-2016,257003,1269,153,23,457,2,634,47492,706,154,2889,169,475,10,181,28907,1526,12342,113,20,159270,693,437,4635,1710,12061,94551,45182,19575,9646,1831,2531,5568,29397,13559,459,13100,0,15334,24,480,
Oct-2016,272774,1298,160,24,465,1,649,51565,711,151,2994,202,473,10,189,32102,1513,13084,113,22,168096,732,446,4745,1737,12679,98421,49336,20275,9795,1882,2660,5939,31539,15341,465,14876,1,15668,24,505,
Nov-2016,267118,1303,159,23,476,1,644,49633,687,150,2854,188,457,11,174,30865,1453,12660,113,20,165928,693,426,4359,1651,12516,95855,50429,19278,9200,1822,2500,5755,30976,15388,435,14953,1,15141,25,420,
,,,,,,,,,,,,,,,,,,,,,,,,,,,,,,,,,,,,,,,,,,
Back to Contents,Data 1: Crude Oil Production,,,,,,,,,,,,,,,,,,,,,,,,,,,,,,,,,,,,,,,,,
Sourcekey,MCRFPUS1,MCRFPP11,MCRFPFL1,MCRFPNY1,MCRFPPA1,MCRFPVA1,MCRFPWV1,MCRFPP21,MCRFPIL1,MCRFPIN1,MCRFPKS1,MCRFPKY1,MCRFP_SMI_1,MCRFPMO1,MCRFPNE1,MCRFPND1,MCRFPOH1,MCRFPOK1,MCRFPSD1,MCRFPTN1,MCRFPP31,MCRFPAL1,MCRFPAR1,MCRFPLA1,MCRFPMS1,MCRFPNM1,MCRFPTX1,MCRFP3FM1,MCRFPP41,MCRFPCO1,MCRFPMT1,MCRFPUT1,MCRFPWY1,MCRFPP51,MCRFPAK1,MCRFPAKS1,MANFPAK1,MCRFPAZ1,MCRFPCA1,MCRFPNV1,MCRFP5F1,
