Year,Median usual weekly earnings,Union,Industry,Occupation,Sex,Race,Ethnic Origin,Age
2000,576,All,All Industries,All Occupations,Both Sexes,All Races,All Origins,16 years and over
2001,596,All,All Industries,All Occupations,Both Sexes,All Races,All Origins,16 years and over
2002,608,All,All Industries,All Occupations,Both Sexes,All Races,All Origins,16 years and over
2003,620,All,All Industries,All Occupations,Both Sexes,All Races,All Origins,16 years and over
2004,638,All,All Industries,All Occupations,Both Sexes,All Races,All Origins,16 years and over
2005,651,All,All Industries,All Occupations,Both Sexes,All Races,All Origins,16 years and over
2006,671,All,All Industries,All Occupations,Both Sexes,All Races,All Origins,16 years and over
2007,695,All,All Industries,All Occupations,Both Sexes,All Races,All Origins,16 years and over
2008,722,All,All Industries,All Occupations,Both Sexes,All Races,All Origins,16 years and over
2009,739,All,All Industries,All Occupations,Both Sexes,All Races,All Origins,16 years and over
2010,747,All,All Industries,All Occupations,Both Sexes,All Races,All Origins,16 years and over
2011,756,All,All Industries,All Occupations,Both Sexes,All Races,All Origins,16 years and over
2012,768,All,All Industries,All Occupations,Both Sexes,All Races,All Origins,16 years and over
2013,776,All,All Industries,All Occupations,Both Sexes,All Races,All Origins,16 years and over
2014,791,All,All Industries,All Occupations,Both Sexes,All Races,All Origins,16 years and over
2015,809,All,All Industries,All Occupations,Both Sexes,All Races,All Origins,16 years and over
2016,832,All,All Industries,All Occupations,Both Sexes,All Races,All Origins,16 years and over
2017,860,All,All Industries,All Occupations,Both Sexes,All Races,All Origins,16 years and over
2018,886,All,All Industries,All Occupations,Both Sexes,All Races,All Origins,16 years and over
2000,691,Members of unions,All Industries,All Occupations,Both Sexes,All Races,All Origins,16 years and over
2001,711,Members of unions,All Industries,All Occupations,Both Sexes,All Races,All Origins,16 years and over
2002,738,Members of unions,All Industries,All Occupations,Both Sexes,All Races,All Origins,16 years and over
2003,760,Members of unions,All Industries,All Occupations,Both Sexes,All Races,All Origins,16 years and over
2004,781,Members of unions,All Industries,All Occupations,Both Sexes,All Races,All Origins,16 years and over
2005,801,Members of unions,All Industries,All Occupations,Both Sexes,All Races,All Origins,16 years and over
2006,833,Members of unions,All Industries,All Occupations,Both Sexes,All Races,All Origins,16 years and over
2007,863,Members of unions,All Industries,All Occupations,Both Sexes,All Races,All Origins,16 years and over
2008,886,Members of unions,All Industries,All Occupations,Both Sexes,All Races,All Origins,16 years and over
2009,908,Members of unions,All Industries,All Occupations,Both Sexes,All Races,All Origins,16 years and over
2010,917,Members of unions,All Industries,All Occupations,Both Sexes,All Races,All Origins,16 years and over
2011,938,Members of unions,All Industries,All Occupations,Both Sexes,All Races,All Origins,16 years and over
2012,943,Members of unions,All Industries,All Occupations,Both Sexes,All Races,All Origins,16 years and over
2013,950,Members of unions,All Industries,All Occupations,Both Sexes,All Races,All Origins,16 years and over
2014,970,Members of unions,All Industries,All Occupations,Both Sexes,All Races,All Origins,16 years and over
2015,980,Members of unions,All Industries,All Occupations,Both Sexes,All Races,All Origins,16 years and over
2016,1004,Members of unions,All Industries,All Occupations,Both Sexes,All Races,All Origins,16 years and over
2017,1041,Members of unions,All Industries,All Occupations,Both Sexes,All Races,All Origins,16 years and over
2018,1051,Members of unions,All Industries,All Occupations,Both Sexes,All Races,All Origins,16 years and over
2000,685,Represented by unions,All Industries,All Occupations,Both Sexes,All Races,All Origins,16 years and over
2001,705,Represented by unions,All Industries,All Occupations,Both Sexes,All Races,All Origins,16 years and over
2002,733,Represented by unions,All Industries,All Occupations,Both Sexes,All Races,All Origins,16 years and over
2003,755,Represented by unions,All Industries,All Occupations,Both Sexes,All Races,All Origins,16 years and over
2004,776,Represented by unions,All Industries,All Occupations,Both Sexes,All Races,All Origins,16 years and over
2005,795,Represented by unions,All Industries,All Occupations,Both Sexes,All Races,All Origins,16 years and over
2006,827,Represented by unions,All Industries,All Occupations,Both Sexes,All Races,All Origins,16 years and over
2007,857,Represented by unions,All Industries,All Occupations,Both Sexes,All Races,All Origins,16 years and over
2008,880,Represented by unions,All Industries,All Occupations,Both Sexes,All Races,All Origins,16 years and over
2009,901,Represented by unions,All Industries,All Occupations,Both Sexes,All Races,All Origins,16 years and over
2010,911,Represented by unions,All Industries,All Occupations,Both Sexes,All Races,All Origins,16 years and over
2011,934,Represented by unions,All Industries,All Occupations,Both Sexes,All Races,All Origins,16 years and over
2012,933,Represented by unions,All Industries,All Occupations,Both Sexes,All Races,All Origins,16 years and over
2013,944,Represented by unions,All Industries,All Occupations,Both Sexes,All Races,All Origins,16 years and over
2014,965,Represented by unions,All Industries,All Occupations,Both Sexes,All Races,All Origins,16 years and over
2015,975,Represented by unions,All Industries,All Occupations,Both Sexes,All Races,All Origins,16 years and over
2016,995,Represented by unions,All Industries,All Occupations,Both Sexes,All Races,All Origins,16 years and over
2017,1028,Represented by unions,All Industries,All Occupations,Both Sexes,All Races,All Origins,16 years and over
2018,1042,Represented by unions,All Industries,All Occupations,Both Sexes,All Races,All Origins,16 years and over
2000,543,Non-union,All Industries,All Occupations,Both Sexes,All Races,All Origins,16 years and over
2001,576,Non-union,All Industries,All Occupations,Both Sexes,All Races,All Origins,16 years and over
2002,587,Non-union,All Industries,All Occupations,Both Sexes,All Races,All Origins,16 years and over
2003,599,Non-union,All Industries,All Occupations,Both Sexes,All Races,All Origins,16 years and over
2004,612,Non-union,All Industries,All Occupations,Both Sexes,All Races,All Origins,16 years and over
2005,622,Non-union,All Industries,All Occupations,Both Sexes,All Races,All Origins,16 years and over
2006,642,Non-union,All Industries,All Occupations,Both Sexes,All Races,All Origins,16 years and over
2007,663,Non-union,All Industries,All Occupations,Both Sexes,All Races,All Origins,16 years and over
2008,691,Non-union,All Industries,All Occupations,Both Sexes,All Races,All Origins,16 years and over
2009,710,Non-union,All Industries,All Occupations,Both Sexes,All Races,All Origins,16 years and over
2010,717,Non-union,All Industries,All Occupations,Both Sexes,All Races,All Origins,16 years and over
2011,729,Non-union,All Industries,All Occupations,Both Sexes,All Races,All Origins,16 years and over
2012,742,Non-union,All Industries,All Occupations,Both Sexes,All Races,All Origins,16 years and over
2013,750,Non-union,All Industries,All Occupations,Both Sexes,All Races,All Origins,16 years and over
2014,763,Non-union,All Industries,All Occupations,Both Sexes,All Races,All Origins,16 years and over
2015,776,Non-union,All Industries,All Occupations,Both Sexes,All Races,All Origins,16 years and over
2016,802,Non-union,All Industries,All Occupations,Both Sexes,All Races,All Origins,16 years and over
2017,829,Non-union,All Industries,All Occupations,Both Sexes,All Races,All Origins,16 years and over
2018,860,Non-union,All Industries,All Occupations,Both Sexes,All Races,All Origins,16 years and over
2000,641,All,All Industries,All Occupations,Men,All Races,All Origins,16 years and over
2001,670,All,All Industries,All Occupations,Men,All Races,All Origins,16 years and over
2002,679,All,All Industries,All Occupations,Men,All Races,All Origins,16 years and over
2003,695,All,All Industries,All Occupations,Men,All Races,All Origins,16 years and over
2004,713,All,All Industries,All Occupations,Men,All Races,All Origins,16 years and over
2005,722,All,All Industries,All Occupations,Men,All Races,All Origins,16 years and over
2006,743,All,All Industries,All Occupations,Men,All Races,All Origins,16 years and over
2007,766,All,All Industries,All Occupations,Men,All Races,All Origins,16 years and over
2008,798,All,All Industries,All Occupations,Men,All Races,All Origins,16 years and over
2009,819,All,All Industries,All Occupations,Men,All Races,All Origins,16 years and over
2010,824,All,All Industries,All Occupations,Men,All Races,All Origins,16 years and over
2011,832,All,All Industries,All Occupations,Men,All Races,All Origins,16 years and over
2012,854,All,All Industries,All Occupations,Men,All Races,All Origins,16 years and over
2013,860,All,All Industries,All Occupations,Men,All Races,All Origins,16 years and over
2014,871,All,All Industries,All Occupations,Men,All Races,All Origins,16 years and over
2015,895,All,All Industries,All Occupations,Men,All Races,All Origins,16 years and over
2016,915,All,All Industries,All Occupations,Men,All Races,All Origins,16 years and over
2017,941,All,All Industries,All Occupations,Men,All Races,All Origins,16 years and over
2018,973,All,All Industries,All Occupations,Men,All Races,All Origins,16 years and over
2000,732,Members of unions,All Industries,All Occupations,Men,All Races,All Origins,16 years and over
2001,756,Members of unions,All Industries,All Occupations,Men,All Races,All Origins,16 years and over
2002,780,Members of unions,All Industries,All Occupations,Men,All Races,All Origins,16 years and over
2003,805,Members of unions,All Industries,All Occupations,Men,All Races,All Origins,16 years and over
2004,829,Members of unions,All Industries,All Occupations,Men,All Races,All Origins,16 years and over
2005,857,Members of unions,All Industries,All Occupations,Men,All Races,All Origins,16 years and over
2006,887,Members of unions,All Industries,All Occupations,Men,All Races,All Origins,16 years and over
2007,913,Members of unions,All Industries,All Occupations,Men,All Races,All Origins,16 years and over
2008,939,Members of unions,All Industries,All Occupations,Men,All Races,All Origins,16 years and over
2009,957,Members of unions,All Industries,All Occupations,Men,All Races,All Origins,16 years and over
2010,967,Members of unions,All Industries,All Occupations,Men,All Races,All Origins,16 years and over
2011,982,Members of unions,All Industries,All Occupations,Men,All Races,All Origins,16 years and over
2012,997,Members of unions,All Industries,All Occupations,Men,All Races,All Origins,16 years and over
2013,991,Members of unions,All Industries,All Occupations,Men,All Races,All Origins,16 years and over
2014,1015,Members of unions,All Industries,All Occupations,Men,All Races,All Origins,16 years and over
2015,1017,Members of unions,All Industries,All Occupations,Men,All Races,All Origins,16 years and over
2016,1050,Members of unions,All Industries,All Occupations,Men,All Races,All Origins,16 years and over
2017,1102,Members of unions,All Industries,All Occupations,Men,All Races,All Origins,16 years and over
2018,1123,Members of unions,All Industries,All Occupations,Men,All Races,All Origins,16 years and over
2000,730,Represented by unions,All Industries,All Occupations,Men,All Races,All Origins,16 years and over
2001,753,Represented by unions,All Industries,All Occupations,Men,All Races,All Origins,16 years and over
2002,775,Represented by unions,All Industries,All Occupations,Men,All Races,All Origins,16 years and over
2003,802,Represented by unions,All Industries,All Occupations,Men,All Races,All Origins,16 years and over
2004,828,Represented by unions,All Industries,All Occupations,Men,All Races,All Origins,16 years and over
2005,855,Represented by unions,All Industries,All Occupations,Men,All Races,All Origins,16 years and over
2006,885,Represented by unions,All Industries,All Occupations,Men,All Races,All Origins,16 years and over
2007,910,Represented by unions,All Industries,All Occupations,Men,All Races,All Origins,16 years and over
2008,937,Represented by unions,All Industries,All Occupations,Men,All Races,All Origins,16 years and over
2009,953,Represented by unions,All Industries,All Occupations,Men,All Races,All Origins,16 years and over
2010,964,Represented by unions,All Industries,All Occupations,Men,All Races,All Origins,16 years and over
2011,981,Represented by unions,All Industries,All Occupations,Men,All Races,All Origins,16 years and over
2012,990,Represented by unions,All Industries,All Occupations,Men,All Races,All Origins,16 years and over
2013,985,Represented by unions,All Industries,All Occupations,Men,All Races,All Origins,16 years and over
2014,1013,Represented by unions,All Industries,All Occupations,Men,All Races,All Origins,16 years and over
2015,1014,Represented by unions,All Industries,All Occupations,Men,All Races,All Origins,16 years and over
2016,1042,Represented by unions,All Industries,All Occupations,Men,All Races,All Origins,16 years and over
2017,1094,Represented by unions,All Industries,All Occupations,Men,All Races,All Origins,16 years and over
2018,1121,Represented by unions,All Industries,All Occupations,Men,All Races,All Origins,16 years and over
2000,617,Non-union,All Industries,All Occupations,Men,All Races,All Origins,16 years and over
2001,647,Non-union,All Industries,All Occupations,Men,All Races,All Origins,16 years and over
2002,652,Non-union,All Industries,All Occupations,Men,All Races,All Origins,16 years and over
2003,667,Non-union,All Industries,All Occupations,Men,All Races,All Origins,16 years and over
2004,685,Non-union,All Industries,All Occupations,Men,All Races,All Origins,16 years and over
2005,692,Non-union,All Industries,All Occupations,Men,All Races,All Origins,16 years and over
2006,717,Non-union,All Industries,All Occupations,Men,All Races,All Origins,16 years and over
2007,738,Non-union,All Industries,All Occupations,Men,All Races,All Origins,16 years and over
2008,766,Non-union,All Industries,All Occupations,Men,All Races,All Origins,16 years and over
2009,786,Non-union,All Industries,All Occupations,Men,All Races,All Origins,16 years and over
2010,789,Non-union,All Industries,All Occupations,Men,All Races,All Origins,16 years and over
2011,798,Non-union,All Industries,All Occupations,Men,All Races,All Origins,16 years and over
2012,821,Non-union,All Industries,All Occupations,Men,All Races,All Origins,16 years and over
2013,831,Non-union,All Industries,All Occupations,Men,All Races,All Origins,16 years and over
2014,840,Non-union,All Industries,All Occupations,Men,All Races,All Origins,16 years and over
2015,869,Non-union,All Industries,All Occupations,Men,All Races,All Origins,16 years and over
2016,890,Non-union,All Industries,All Occupations,Men,All Races,All Origins,16 years and over
2017,914,Non-union,All Industries,All Occupations,Men,All Races,All Origins,16 years and over
2018,948,Non-union,All Industries,All Occupations,Men,All Races,All Origins,16 years and over
2000,493,All,All Industries,All Occupations,Women,All Races,All Origins,16 years and over
2001,512,All,All Industries,All Occupations,Women,All Races,All Origins,16 years and over
2002,529,All,All Industries,All Occupations,Women,All Races,All Origins,16 years and over
2003,552,All,All Industries,All Occupations,Women,All Races,All Origins,16 years and over
2004,573,All,All Industries,All Occupations,Women,All Races,All Origins,16 years and over
2005,585,All,All Industries,All Occupations,Women,All Races,All Origins,16 years and over
2006,600,All,All Industries,All Occupations,Women,All Races,All Origins,16 years and over
2007,614,All,All Industries,All Occupations,Women,All Races,All Origins,16 years and over
2008,638,All,All Industries,All Occupations,Women,All Races,All Origins,16 years and over
2009,657,All,All Industries,All Occupations,Women,All Races,All Origins,16 years and over
2010,669,All,All Industries,All Occupations,Women,All Races,All Origins,16 years and over
2011,684,All,All Industries,All Occupations,Women,All Races,All Origins,16 years and over
2012,691,All,All Industries,All Occupations,Women,All Races,All Origins,16 years and over
2013,706,All,All Industries,All Occupations,Women,All Races,All Origins,16 years and over
2014,719,All,All Industries,All Occupations,Women,All Races,All Origins,16 years and over
2015,726,All,All Industries,All Occupations,Women,All Races,All Origins,16 years and over
2016,749,All,All Industries,All Occupations,Women,All Races,All Origins,16 years and over
2017,770,All,All Industries,All Occupations,Women,All Races,All Origins,16 years and over
2018,789,All,All Industries,All Occupations,Women,All Races,All Origins,16 years and over
2000,619,Members of unions,All Industries,All Occupations,Women,All Races,All Origins,16 years and over
2001,638,Members of unions,All Industries,All Occupations,Women,All Races,All Origins,16 years and over
2002,666,Members of unions,All Industries,All Occupations,Women,All Races,All Origins,16 years and over
2003,696,Members of unions,All Industries,All Occupations,Women,All Races,All Origins,16 years and over
2004,723,Members of unions,All Industries,All Occupations,Women,All Races,All Origins,16 years and over
2005,731,Members of unions,All Industries,All Occupations,Women,All Races,All Origins,16 years and over
2006,758,Members of unions,All Industries,All Occupations,Women,All Races,All Origins,16 years and over
2007,790,Members of unions,All Industries,All Occupations,Women,All Races,All Origins,16 years and over
2008,809,Members of unions,All Industries,All Occupations,Women,All Races,All Origins,16 years and over
2009,840,Members of unions,All Industries,All Occupations,Women,All Races,All Origins,16 years and over
2010,856,Members of unions,All Industries,All Occupations,Women,All Races,All Origins,16 years and over
2011,879,Members of unions,All Industries,All Occupations,Women,All Races,All Origins,16 years and over
2012,877,Members of unions,All Industries,All Occupations,Women,All Races,All Origins,16 years and over
2013,898,Members of unions,All Industries,All Occupations,Women,All Races,All Origins,16 years and over
2014,904,Members of unions,All Industries,All Occupations,Women,All Races,All Origins,16 years and over
2015,928,Members of unions,All Industries,All Occupations,Women,All Races,All Origins,16 years and over
2016,955,Members of unions,All Industries,All Occupations,Women,All Races,All Origins,16 years and over
2017,970,Members of unions,All Industries,All Occupations,Women,All Races,All Origins,16 years and over
2018,968,Members of unions,All Industries,All Occupations,Women,All Races,All Origins,16 years and over
2000,613,Represented by unions,All Industries,All Occupations,Women,All Races,All Origins,16 years and over
2001,634,Represented by unions,All Industries,All Occupations,Women,All Races,All Origins,16 years and over
2002,662,Represented by unions,All Industries,All Occupations,Women,All Races,All Origins,16 years and over
2003,691,Represented by unions,All Industries,All Occupations,Women,All Races,All Origins,16 years and over
2004,719,Represented by unions,All Industries,All Occupations,Women,All Races,All Origins,16 years and over
2005,726,Represented by unions,All Industries,All Occupations,Women,All Races,All Origins,16 years and over
2006,753,Represented by unions,All Industries,All Occupations,Women,All Races,All Origins,16 years and over
2007,784,Represented by unions,All Industries,All Occupations,Women,All Races,All Origins,16 years and over
2008,800,Represented by unions,All Industries,All Occupations,Women,All Races,All Origins,16 years and over
2009,833,Represented by unions,All Industries,All Occupations,Women,All Races,All Origins,16 years and over
2010,847,Represented by unions,All Industries,All Occupations,Women,All Races,All Origins,16 years and over
2011,871,Represented by unions,All Industries,All Occupations,Women,All Races,All Origins,16 years and over
2012,865,Represented by unions,All Industries,All Occupations,Women,All Races,All Origins,16 years and over
2013,893,Represented by unions,All Industries,All Occupations,Women,All Races,All Origins,16 years and over
2014,899,Represented by unions,All Industries,All Occupations,Women,All Races,All Origins,16 years and over
2015,921,Represented by unions,All Industries,All Occupations,Women,All Races,All Origins,16 years and over
2016,942,Represented by unions,All Industries,All Occupations,Women,All Races,All Origins,16 years and over
2017,954,Represented by unions,All Industries,All Occupations,Women,All Races,All Origins,16 years and over
2018,958,Represented by unions,All Industries,All Occupations,Women,All Races,All Origins,16 years and over
2000,475,Non-union,All Industries,All Occupations,Women,All Races,All Origins,16 years and over
2001,495,Non-union,All Industries,All Occupations,Women,All Races,All Origins,16 years and over
2002,509,Non-union,All Industries,All Occupations,Women,All Races,All Origins,16 years and over
2003,523,Non-union,All Industries,All Occupations,Women,All Races,All Origins,16 years and over
2004,541,Non-union,All Industries,All Occupations,Women,All Races,All Origins,16 years and over
2005,559,Non-union,All Industries,All Occupations,Women,All Races,All Origins,16 years and over
2006,579,Non-union,All Industries,All Occupations,Women,All Races,All Origins,16 years and over
2007,592,Non-union,All Industries,All Occupations,Women,All Races,All Origins,16 years and over
2008,615,Non-union,All Industries,All Occupations,Women,All Races,All Origins,16 years and over
2009,628,Non-union,All Industries,All Occupations,Women,All Races,All Origins,16 years and over
2010,639,Non-union,All Industries,All Occupations,Women,All Races,All Origins,16 years and over
2011,653,Non-union,All Industries,All Occupations,Women,All Races,All Origins,16 years and over
2012,663,Non-union,All Industries,All Occupations,Women,All Races,All Origins,16 years and over
2013,676,Non-union,All Industries,All Occupations,Women,All Races,All Origins,16 years and over
2014,687,Non-union,All Industries,All Occupations,Women,All Races,All Origins,16 years and over
2015,697,Non-union,All Industries,All Occupations,Women,All Races,All Origins,16 years and over
2016,723,Non-union,All Industries,All Occupations,Women,All Races,All Origins,16 years and over
2017,746,Non-union,All Industries,All Occupations,Women,All Races,All Origins,16 years and over
2018,764,Non-union,All Industries,All Occupations,Women,All Races,All Origins,16 years and over
2000,590,All,All Industries,All Occupations,Both Sexes,White,All Origins,16 years and over
2001,610,All,All Industries,All Occupations,Both Sexes,White,All Origins,16 years and over
2002,623,All,All Industries,All Occupations,Both Sexes,White,All Origins,16 years and over
2003,636,All,All Industries,All Occupations,Both Sexes,White,All Origins,16 years and over
2004,657,All,All Industries,All Occupations,Both Sexes,White,All Origins,16 years and over
2005,672,All,All Industries,All Occupations,Both Sexes,White,All Origins,16 years and over
2006,690,All,All Industries,All Occupations,Both Sexes,White,All Origins,16 years and over
2007,716,All,All Industries,All Occupations,Both Sexes,White,All Origins,16 years and over
2008,742,All,All Industries,All Occupations,Both Sexes,White,All Origins,16 years and over
2009,757,All,All Industries,All Occupations,Both Sexes,White,All Origins,16 years and over
2010,765,All,All Industries,All Occupations,Both Sexes,White,All Origins,16 years and over
2011,775,All,All Industries,All Occupations,Both Sexes,White,All Origins,16 years and over
2012,792,All,All Industries,All Occupations,Both Sexes,White,All Origins,16 years and over
2013,802,All,All Industries,All Occupations,Both Sexes,White,All Origins,16 years and over
2014,816,All,All Industries,All Occupations,Both Sexes,White,All Origins,16 years and over
2015,835,All,All Industries,All Occupations,Both Sexes,White,All Origins,16 years and over
2016,862,All,All Industries,All Occupations,Both Sexes,White,All Origins,16 years and over
2017,890,All,All Industries,All Occupations,Both Sexes,White,All Origins,16 years and over
2018,916,All,All Industries,All Occupations,Both Sexes,White,All Origins,16 years and over
2000,710,Members of unions,All Industries,All Occupations,Both Sexes,White,All Origins,16 years and over
2001,733,Members of unions,All Industries,All Occupations,Both Sexes,White,All Origins,16 years and over
2002,762,Members of unions,All Industries,All Occupations,Both Sexes,White,All Origins,16 years and over
2003,779,Members of unions,All Industries,All Occupations,Both Sexes,White,All Origins,16 years and over
2004,808,Members of unions,All Industries,All Occupations,Both Sexes,White,All Origins,16 years and over
2005,830,Members of unions,All Industries,All Occupations,Both Sexes,White,All Origins,16 years and over
2006,859,Members of unions,All Industries,All Occupations,Both Sexes,White,All Origins,16 years and over
2007,889,Members of unions,All Industries,All Occupations,Both Sexes,White,All Origins,16 years and over
2008,914,Members of unions,All Industries,All Occupations,Both Sexes,White,All Origins,16 years and over
2009,934,Members of unions,All Industries,All Occupations,Both Sexes,White,All Origins,16 years and over
2010,943,Members of unions,All Industries,All Occupations,Both Sexes,White,All Origins,16 years and over
2011,961,Members of unions,All Industries,All Occupations,Both Sexes,White,All Origins,16 years and over
2012,973,Members of unions,All Industries,All Occupations,Both Sexes,White,All Origins,16 years and over
2013,978,Members of unions,All Industries,All Occupations,Both Sexes,White,All Origins,16 years and over
2014,997,Members of unions,All Industries,All Occupations,Both Sexes,White,All Origins,16 years and over
2015,1007,Members of unions,All Industries,All Occupations,Both Sexes,White,All Origins,16 years and over
2016,1050,Members of unions,All Industries,All Occupations,Both Sexes,White,All Origins,16 years and over
2017,1089,Members of unions,All Industries,All Occupations,Both Sexes,White,All Origins,16 years and over
2018,1098,Members of unions,All Industries,All Occupations,Both Sexes,White,All Origins,16 years and over
2000,705,Represented by unions,All Industries,All Occupations,Both Sexes,White,All Origins,16 years and over
2001,727,Represented by unions,All Industries,All Occupations,Both Sexes,White,All Origins,16 years and over
2002,756,Represented by unions,All Industries,All Occupations,Both Sexes,White,All Origins,16 years and over
2003,774,Represented by unions,All Industries,All Occupations,Both Sexes,White,All Origins,16 years and over
2004,802,Represented by unions,All Industries,All Occupations,Both Sexes,White,All Origins,16 years and over
2005,824,Represented by unions,All Industries,All Occupations,Both Sexes,White,All Origins,16 years and over
2006,854,Represented by unions,All Industries,All Occupations,Both Sexes,White,All Origins,16 years and over
2007,884,Represented by unions,All Industries,All Occupations,Both Sexes,White,All Origins,16 years and over
2008,907,Represented by unions,All Industries,All Occupations,Both Sexes,White,All Origins,16 years and over
2009,926,Represented by unions,All Industries,All Occupations,Both Sexes,White,All Origins,16 years and over
2010,936,Represented by unions,All Industries,All Occupations,Both Sexes,White,All Origins,16 years and over
2011,956,Represented by unions,All Industries,All Occupations,Both Sexes,White,All Origins,16 years and over
2012,960,Represented by unions,All Industries,All Occupations,Both Sexes,White,All Origins,16 years and over
2013,970,Represented by unions,All Industries,All Occupations,Both Sexes,White,All Origins,16 years and over
2014,992,Represented by unions,All Industries,All Occupations,Both Sexes,White,All Origins,16 years and over
2015,999,Represented by unions,All Industries,All Occupations,Both Sexes,White,All Origins,16 years and over
2016,1034,Represented by unions,All Industries,All Occupations,Both Sexes,White,All Origins,16 years and over
2017,1076,Represented by unions,All Industries,All Occupations,Both Sexes,White,All Origins,16 years and over
2018,1090,Represented by unions,All Industries,All Occupations,Both Sexes,White,All Origins,16 years and over
2000,564,Non-union,All Industries,All Occupations,Both Sexes,White,All Origins,16 years and over
2001,590,Non-union,All Industries,All Occupations,Both Sexes,White,All Origins,16 years and over
2002,602,Non-union,All Industries,All Occupations,Both Sexes,White,All Origins,16 years and over
2003,612,Non-union,All Industries,All Occupations,Both Sexes,White,All Origins,16 years and over
2004,626,Non-union,All Industries,All Occupations,Both Sexes,White,All Origins,16 years and over
2005,641,Non-union,All Industries,All Occupations,Both Sexes,White,All Origins,16 years and over
2006,659,Non-union,All Industries,All Occupations,Both Sexes,White,All Origins,16 years and over
2007,684,Non-union,All Industries,All Occupations,Both Sexes,White,All Origins,16 years and over
2008,712,Non-union,All Industries,All Occupations,Both Sexes,White,All Origins,16 years and over
2009,728,Non-union,All Industries,All Occupations,Both Sexes,White,All Origins,16 years and over
2010,736,Non-union,All Industries,All Occupations,Both Sexes,White,All Origins,16 years and over
2011,747,Non-union,All Industries,All Occupations,Both Sexes,White,All Origins,16 years and over
2012,762,Non-union,All Industries,All Occupations,Both Sexes,White,All Origins,16 years and over
2013,769,Non-union,All Industries,All Occupations,Both Sexes,White,All Origins,16 years and over
2014,784,Non-union,All Industries,All Occupations,Both Sexes,White,All Origins,16 years and over
2015,803,Non-union,All Industries,All Occupations,Both Sexes,White,All Origins,16 years and over
2016,827,Non-union,All Industries,All Occupations,Both Sexes,White,All Origins,16 years and over
2017,860,Non-union,All Industries,All Occupations,Both Sexes,White,All Origins,16 years and over
2018,889,Non-union,All Industries,All Occupations,Both Sexes,White,All Origins,16 years and over
2000,474,All,All Industries,All Occupations,Both Sexes,Black or African American,All Origins,16 years and over
2001,491,All,All Industries,All Occupations,Both Sexes,Black or African American,All Origins,16 years and over
2002,498,All,All Industries,All Occupations,Both Sexes,Black or African American,All Origins,16 years and over
2003,514,All,All Industries,All Occupations,Both Sexes,Black or African American,All Origins,16 years and over
2004,525,All,All Industries,All Occupations,Both Sexes,Black or African American,All Origins,16 years and over
2005,520,All,All Industries,All Occupations,Both Sexes,Black or African American,All Origins,16 years and over
2006,554,All,All Industries,All Occupations,Both Sexes,Black or African American,All Origins,16 years and over
2007,569,All,All Industries,All Occupations,Both Sexes,Black or African American,All Origins,16 years and over
2008,589,All,All Industries,All Occupations,Both Sexes,Black or African American,All Origins,16 years and over
2009,601,All,All Industries,All Occupations,Both Sexes,Black or African American,All Origins,16 years and over
2010,611,All,All Industries,All Occupations,Both Sexes,Black or African American,All Origins,16 years and over
2011,615,All,All Industries,All Occupations,Both Sexes,Black or African American,All Origins,16 years and over
2012,621,All,All Industries,All Occupations,Both Sexes,Black or African American,All Origins,16 years and over
2013,629,All,All Industries,All Occupations,Both Sexes,Black or African American,All Origins,16 years and over
2014,639,All,All Industries,All Occupations,Both Sexes,Black or African American,All Origins,16 years and over
2015,641,All,All Industries,All Occupations,Both Sexes,Black or African American,All Origins,16 years and over
2016,678,All,All Industries,All Occupations,Both Sexes,Black or African American,All Origins,16 years and over
2017,682,All,All Industries,All Occupations,Both Sexes,Black or African American,All Origins,16 years and over
2018,694,All,All Industries,All Occupations,Both Sexes,Black or African American,All Origins,16 years and over
2000,593,Members of unions,All Industries,All Occupations,Both Sexes,Black or African American,All Origins,16 years and over
2001,610,Members of unions,All Industries,All Occupations,Both Sexes,Black or African American,All Origins,16 years and over
2002,614,Members of unions,All Industries,All Occupations,Both Sexes,Black or African American,All Origins,16 years and over
2003,665,Members of unions,All Industries,All Occupations,Both Sexes,Black or African American,All Origins,16 years and over
2004,656,Members of unions,All Industries,All Occupations,Both Sexes,Black or African American,All Origins,16 years and over
2005,656,Members of unions,All Industries,All Occupations,Both Sexes,Black or African American,All Origins,16 years and over
2006,707,Members of unions,All Industries,All Occupations,Both Sexes,Black or African American,All Origins,16 years and over
2007,732,Members of unions,All Industries,All Occupations,Both Sexes,Black or African American,All Origins,16 years and over
2008,720,Members of unions,All Industries,All Occupations,Both Sexes,Black or African American,All Origins,16 years and over
2009,749,Members of unions,All Industries,All Occupations,Both Sexes,Black or African American,All Origins,16 years and over
2010,772,Members of unions,All Industries,All Occupations,Both Sexes,Black or African American,All Origins,16 years and over
2011,771,Members of unions,All Industries,All Occupations,Both Sexes,Black or African American,All Origins,16 years and over
2012,784,Members of unions,All Industries,All Occupations,Both Sexes,Black or African American,All Origins,16 years and over
2013,791,Members of unions,All Industries,All Occupations,Both Sexes,Black or African American,All Origins,16 years and over
2014,810,Members of unions,All Industries,All Occupations,Both Sexes,Black or African American,All Origins,16 years and over
2015,800,Members of unions,All Industries,All Occupations,Both Sexes,Black or African American,All Origins,16 years and over
2016,808,Members of unions,All Industries,All Occupations,Both Sexes,Black or African American,All Origins,16 years and over
2017,823,Members of unions,All Industries,All Occupations,Both Sexes,Black or African American,All Origins,16 years and over
2018,826,Members of unions,All Industries,All Occupations,Both Sexes,Black or African American,All Origins,16 years and over
2000,585,Represented by unions,All Industries,All Occupations,Both Sexes,Black or African American,All Origins,16 years and over
2001,602,Represented by unions,All Industries,All Occupations,Both Sexes,Black or African American,All Origins,16 years and over
2002,611,Represented by unions,All Industries,All Occupations,Both Sexes,Black or African American,All Origins,16 years and over
2003,654,Represented by unions,All Industries,All Occupations,Both Sexes,Black or African American,All Origins,16 years and over
2004,651,Represented by unions,All Industries,All Occupations,Both Sexes,Black or African American,All Origins,16 years and over
2005,653,Represented by unions,All Industries,All Occupations,Both Sexes,Black or African American,All Origins,16 years and over
2006,694,Represented by unions,All Industries,All Occupations,Both Sexes,Black or African American,All Origins,16 years and over
2007,727,Represented by unions,All Industries,All Occupations,Both Sexes,Black or African American,All Origins,16 years and over
2008,712,Represented by unions,All Industries,All Occupations,Both Sexes,Black or African American,All Origins,16 years and over
2009,745,Represented by unions,All Industries,All Occupations,Both Sexes,Black or African American,All Origins,16 years and over
2010,766,Represented by unions,All Industries,All Occupations,Both Sexes,Black or African American,All Origins,16 years and over
2011,768,Represented by unions,All Industries,All Occupations,Both Sexes,Black or African American,All Origins,16 years and over
2012,774,Represented by unions,All Industries,All Occupations,Both Sexes,Black or African American,All Origins,16 years and over
2013,794,Represented by unions,All Industries,All Occupations,Both Sexes,Black or African American,All Origins,16 years and over
2014,807,Represented by unions,All Industries,All Occupations,Both Sexes,Black or African American,All Origins,16 years and over
2015,798,Represented by unions,All Industries,All Occupations,Both Sexes,Black or African American,All Origins,16 years and over
2016,807,Represented by unions,All Industries,All Occupations,Both Sexes,Black or African American,All Origins,16 years and over
2017,813,Represented by unions,All Industries,All Occupations,Both Sexes,Black or African American,All Origins,16 years and over
2018,815,Represented by unions,All Industries,All Occupations,Both Sexes,Black or African American,All Origins,16 years and over
2000,445,Non-union,All Industries,All Occupations,Both Sexes,Black or African American,All Origins,16 years and over
2001,469,Non-union,All Industries,All Occupations,Both Sexes,Black or African American,All Origins,16 years and over
2002,476,Non-union,All Industries,All Occupations,Both Sexes,Black or African American,All Origins,16 years and over
2003,491,Non-union,All Industries,All Occupations,Both Sexes,Black or African American,All Origins,16 years and over
2004,507,Non-union,All Industries,All Occupations,Both Sexes,Black or African American,All Origins,16 years and over
2005,500,Non-union,All Industries,All Occupations,Both Sexes,Black or African American,All Origins,16 years and over
2006,520,Non-union,All Industries,All Occupations,Both Sexes,Black or African American,All Origins,16 years and over
2007,533,Non-union,All Industries,All Occupations,Both Sexes,Black or African American,All Origins,16 years and over
2008,564,Non-union,All Industries,All Occupations,Both Sexes,Black or African American,All Origins,16 years and over
2009,581,Non-union,All Industries,All Occupations,Both Sexes,Black or African American,All Origins,16 years and over
2010,589,Non-union,All Industries,All Occupations,Both Sexes,Black or African American,All Origins,16 years and over
2011,595,Non-union,All Industries,All Occupations,Both Sexes,Black or African American,All Origins,16 years and over
2012,599,Non-union,All Industries,All Occupations,Both Sexes,Black or African American,All Origins,16 years and over
2013,606,Non-union,All Industries,All Occupations,Both Sexes,Black or African American,All Origins,16 years and over
2014,611,Non-union,All Industries,All Occupations,Both Sexes,Black or African American,All Origins,16 years and over
2015,617,Non-union,All Industries,All Occupations,Both Sexes,Black or African American,All Origins,16 years and over
2016,646,Non-union,All Industries,All Occupations,Both Sexes,Black or African American,All Origins,16 years and over
2017,659,Non-union,All Industries,All Occupations,Both Sexes,Black or African American,All Origins,16 years and over
2018,673,Non-union,All Industries,All Occupations,Both Sexes,Black or African American,All Origins,16 years and over
2000,615,All,All Industries,All Occupations,Both Sexes,Asian,All Origins,16 years and over
2001,639,All,All Industries,All Occupations,Both Sexes,Asian,All Origins,16 years and over
2002,658,All,All Industries,All Occupations,Both Sexes,Asian,All Origins,16 years and over
2003,693,All,All Industries,All Occupations,Both Sexes,Asian,All Origins,16 years and over
2004,708,All,All Industries,All Occupations,Both Sexes,Asian,All Origins,16 years and over
2005,753,All,All Industries,All Occupations,Both Sexes,Asian,All Origins,16 years and over
2006,784,All,All Industries,All Occupations,Both Sexes,Asian,All Origins,16 years and over
2007,830,All,All Industries,All Occupations,Both Sexes,Asian,All Origins,16 years and over
2008,861,All,All Industries,All Occupations,Both Sexes,Asian,All Origins,16 years and over
2009,880,All,All Industries,All Occupations,Both Sexes,Asian,All Origins,16 years and over
2010,855,All,All Industries,All Occupations,Both Sexes,Asian,All Origins,16 years and over
2011,866,All,All Industries,All Occupations,Both Sexes,Asian,All Origins,16 years and over
2012,920,All,All Industries,All Occupations,Both Sexes,Asian,All Origins,16 years and over
2013,942,All,All Industries,All Occupations,Both Sexes,Asian,All Origins,16 years and over
2014,953,All,All Industries,All Occupations,Both Sexes,Asian,All Origins,16 years and over
2015,993,All,All Industries,All Occupations,Both Sexes,Asian,All Origins,16 years and over
2016,1021,All,All Industries,All Occupations,Both Sexes,Asian,All Origins,16 years and over
2017,1043,All,All Industries,All Occupations,Both Sexes,Asian,All Origins,16 years and over
2018,1095,All,All Industries,All Occupations,Both Sexes,Asian,All Origins,16 years and over
2000,670,Members of unions,All Industries,All Occupations,Both Sexes,Asian,All Origins,16 years and over
2001,683,Members of unions,All Industries,All Occupations,Both Sexes,Asian,All Origins,16 years and over
2002,706,Members of unions,All Industries,All Occupations,Both Sexes,Asian,All Origins,16 years and over
2003,759,Members of unions,All Industries,All Occupations,Both Sexes,Asian,All Origins,16 years and over
2004,765,Members of unions,All Industries,All Occupations,Both Sexes,Asian,All Origins,16 years and over
2005,809,Members of unions,All Industries,All Occupations,Both Sexes,Asian,All Origins,16 years and over
2006,834,Members of unions,All Industries,All Occupations,Both Sexes,Asian,All Origins,16 years and over
2007,853,Members of unions,All Industries,All Occupations,Both Sexes,Asian,All Origins,16 years and over
2008,902,Members of unions,All Industries,All Occupations,Both Sexes,Asian,All Origins,16 years and over
2009,907,Members of unions,All Industries,All Occupations,Both Sexes,Asian,All Origins,16 years and over
2010,909,Members of unions,All Industries,All Occupations,Both Sexes,Asian,All Origins,16 years and over
2011,961,Members of unions,All Industries,All Occupations,Both Sexes,Asian,All Origins,16 years and over
2012,977,Members of unions,All Industries,All Occupations,Both Sexes,Asian,All Origins,16 years and over
2013,961,Members of unions,All Industries,All Occupations,Both Sexes,Asian,All Origins,16 years and over
2014,979,Members of unions,All Industries,All Occupations,Both Sexes,Asian,All Origins,16 years and over
2015,1094,Members of unions,All Industries,All Occupations,Both Sexes,Asian,All Origins,16 years and over
2016,1020,Members of unions,All Industries,All Occupations,Both Sexes,Asian,All Origins,16 years and over
2017,1112,Members of unions,All Industries,All Occupations,Both Sexes,Asian,All Origins,16 years and over
2018,1119,Members of unions,All Industries,All Occupations,Both Sexes,Asian,All Origins,16 years and over
2000,675,Represented by unions,All Industries,All Occupations,Both Sexes,Asian,All Origins,16 years and over
2001,674,Represented by unions,All Industries,All Occupations,Both Sexes,Asian,All Origins,16 years and over
2002,705,Represented by unions,All Industries,All Occupations,Both Sexes,Asian,All Origins,16 years and over
2003,760,Represented by unions,All Industries,All Occupations,Both Sexes,Asian,All Origins,16 years and over
2004,774,Represented by unions,All Industries,All Occupations,Both Sexes,Asian,All Origins,16 years and over
2005,805,Represented by unions,All Industries,All Occupations,Both Sexes,Asian,All Origins,16 years and over
2006,840,Represented by unions,All Industries,All Occupations,Both Sexes,Asian,All Origins,16 years and over
2007,881,Represented by unions,All Industries,All Occupations,Both Sexes,Asian,All Origins,16 years and over
2008,908,Represented by unions,All Industries,All Occupations,Both Sexes,Asian,All Origins,16 years and over
2009,919,Represented by unions,All Industries,All Occupations,Both Sexes,Asian,All Origins,16 years and over
2010,918,Represented by unions,All Industries,All Occupations,Both Sexes,Asian,All Origins,16 years and over
2011,962,Represented by unions,All Industries,All Occupations,Both Sexes,Asian,All Origins,16 years and over
2012,986,Represented by unions,All Industries,All Occupations,Both Sexes,Asian,All Origins,16 years and over
2013,971,Represented by unions,All Industries,All Occupations,Both Sexes,Asian,All Origins,16 years and over
2014,998,Represented by unions,All Industries,All Occupations,Both Sexes,Asian,All Origins,16 years and over
2015,1107,Represented by unions,All Industries,All Occupations,Both Sexes,Asian,All Origins,16 years and over
2016,1017,Represented by unions,All Industries,All Occupations,Both Sexes,Asian,All Origins,16 years and over
2017,1126,Represented by unions,All Industries,All Occupations,Both Sexes,Asian,All Origins,16 years and over
2018,1121,Represented by unions,All Industries,All Occupations,Both Sexes,Asian,All Origins,16 years and over
2000,606,Non-union,All Industries,All Occupations,Both Sexes,Asian,All Origins,16 years and over
2001,632,Non-union,All Industries,All Occupations,Both Sexes,Asian,All Origins,16 years and over
2002,650,Non-union,All Industries,All Occupations,Both Sexes,Asian,All Origins,16 years and over
2003,681,Non-union,All Industries,All Occupations,Both Sexes,Asian,All Origins,16 years and over
2004,691,Non-union,All Industries,All Occupations,Both Sexes,Asian,All Origins,16 years and over
2005,744,Non-union,All Industries,All Occupations,Both Sexes,Asian,All Origins,16 years and over
2006,774,Non-union,All Industries,All Occupations,Both Sexes,Asian,All Origins,16 years and over
2007,823,Non-union,All Industries,All Occupations,Both Sexes,Asian,All Origins,16 years and over
2008,852,Non-union,All Industries,All Occupations,Both Sexes,Asian,All Origins,16 years and over
2009,870,Non-union,All Industries,All Occupations,Both Sexes,Asian,All Origins,16 years and over
2010,842,Non-union,All Industries,All Occupations,Both Sexes,Asian,All Origins,16 years and over
2011,846,Non-union,All Industries,All Occupations,Both Sexes,Asian,All Origins,16 years and over
2012,907,Non-union,All Industries,All Occupations,Both Sexes,Asian,All Origins,16 years and over
2013,937,Non-union,All Industries,All Occupations,Both Sexes,Asian,All Origins,16 years and over
2014,948,Non-union,All Industries,All Occupations,Both Sexes,Asian,All Origins,16 years and over
2015,977,Non-union,All Industries,All Occupations,Both Sexes,Asian,All Origins,16 years and over
2016,1022,Non-union,All Industries,All Occupations,Both Sexes,Asian,All Origins,16 years and over
2017,1034,Non-union,All Industries,All Occupations,Both Sexes,Asian,All Origins,16 years and over
2018,1092,Non-union,All Industries,All Occupations,Both Sexes,Asian,All Origins,16 years and over
2000,399,All,All Industries,All Occupations,Both Sexes,All Races,Hispanic or Latino,16 years and over
2001,417,All,All Industries,All Occupations,Both Sexes,All Races,Hispanic or Latino,16 years and over
2002,424,All,All Industries,All Occupations,Both Sexes,All Races,Hispanic or Latino,16 years and over
2003,440,All,All Industries,All Occupations,Both Sexes,All Races,Hispanic or Latino,16 years and over
2004,456,All,All Industries,All Occupations,Both Sexes,All Races,Hispanic or Latino,16 years and over
2005,471,All,All Industries,All Occupations,Both Sexes,All Races,Hispanic or Latino,16 years and over
2006,486,All,All Industries,All Occupations,Both Sexes,All Races,Hispanic or Latino,16 years and over
2007,503,All,All Industries,All Occupations,Both Sexes,All Races,Hispanic or Latino,16 years and over
2008,529,All,All Industries,All Occupations,Both Sexes,All Races,Hispanic or Latino,16 years and over
2009,541,All,All Industries,All Occupations,Both Sexes,All Races,Hispanic or Latino,16 years and over
2010,535,All,All Industries,All Occupations,Both Sexes,All Races,Hispanic or Latino,16 years and over
2011,549,All,All Industries,All Occupations,Both Sexes,All Races,Hispanic or Latino,16 years and over
2012,568,All,All Industries,All Occupations,Both Sexes,All Races,Hispanic or Latino,16 years and over
2013,578,All,All Industries,All Occupations,Both Sexes,All Races,Hispanic or Latino,16 years and over
2014,594,All,All Industries,All Occupations,Both Sexes,All Races,Hispanic or Latino,16 years and over
2015,604,All,All Industries,All Occupations,Both Sexes,All Races,Hispanic or Latino,16 years and over
2016,624,All,All Industries,All Occupations,Both Sexes,All Races,Hispanic or Latino,16 years and over
2017,655,All,All Industries,All Occupations,Both Sexes,All Races,Hispanic or Latino,16 years and over
2018,680,All,All Industries,All Occupations,Both Sexes,All Races,Hispanic or Latino,16 years and over
2000,576,Members of unions,All Industries,All Occupations,Both Sexes,All Races,Hispanic or Latino,16 years and over
2001,570,Members of unions,All Industries,All Occupations,Both Sexes,All Races,Hispanic or Latino,16 years and over
2002,622,Members of unions,All Industries,All Occupations,Both Sexes,All Races,Hispanic or Latino,16 years and over
2003,632,Members of unions,All Industries,All Occupations,Both Sexes,All Races,Hispanic or Latino,16 years and over
2004,679,Members of unions,All Industries,All Occupations,Both Sexes,All Races,Hispanic or Latino,16 years and over
2005,673,Members of unions,All Industries,All Occupations,Both Sexes,All Races,Hispanic or Latino,16 years and over
2006,686,Members of unions,All Industries,All Occupations,Both Sexes,All Races,Hispanic or Latino,16 years and over
2007,736,Members of unions,All Industries,All Occupations,Both Sexes,All Races,Hispanic or Latino,16 years and over
2008,733,Members of unions,All Industries,All Occupations,Both Sexes,All Races,Hispanic or Latino,16 years and over
2009,774,Members of unions,All Industries,All Occupations,Both Sexes,All Races,Hispanic or Latino,16 years and over
2010,771,Members of unions,All Industries,All Occupations,Both Sexes,All Races,Hispanic or Latino,16 years and over
2011,811,Members of unions,All Industries,All Occupations,Both Sexes,All Races,Hispanic or Latino,16 years and over
2012,840,Members of unions,All Industries,All Occupations,Both Sexes,All Races,Hispanic or Latino,16 years and over
2013,838,Members of unions,All Industries,All Occupations,Both Sexes,All Races,Hispanic or Latino,16 years and over
2014,811,Members of unions,All Industries,All Occupations,Both Sexes,All Races,Hispanic or Latino,16 years and over
2015,862,Members of unions,All Industries,All Occupations,Both Sexes,All Races,Hispanic or Latino,16 years and over
2016,886,Members of unions,All Industries,All Occupations,Both Sexes,All Races,Hispanic or Latino,16 years and over
2017,897,Members of unions,All Industries,All Occupations,Both Sexes,All Races,Hispanic or Latino,16 years and over
2018,912,Members of unions,All Industries,All Occupations,Both Sexes,All Races,Hispanic or Latino,16 years and over
2000,573,Represented by unions,All Industries,All Occupations,Both Sexes,All Races,Hispanic or Latino,16 years and over
2001,564,Represented by unions,All Industries,All Occupations,Both Sexes,All Races,Hispanic or Latino,16 years and over
2002,616,Represented by unions,All Industries,All Occupations,Both Sexes,All Races,Hispanic or Latino,16 years and over
2003,622,Represented by unions,All Industries,All Occupations,Both Sexes,All Races,Hispanic or Latino,16 years and over
2004,670,Represented by unions,All Industries,All Occupations,Both Sexes,All Races,Hispanic or Latino,16 years and over
2005,661,Represented by unions,All Industries,All Occupations,Both Sexes,All Races,Hispanic or Latino,16 years and over
2006,681,Represented by unions,All Industries,All Occupations,Both Sexes,All Races,Hispanic or Latino,16 years and over
2007,729,Represented by unions,All Industries,All Occupations,Both Sexes,All Races,Hispanic or Latino,16 years and over
2008,724,Represented by unions,All Industries,All Occupations,Both Sexes,All Races,Hispanic or Latino,16 years and over
2009,763,Represented by unions,All Industries,All Occupations,Both Sexes,All Races,Hispanic or Latino,16 years and over
2010,766,Represented by unions,All Industries,All Occupations,Both Sexes,All Races,Hispanic or Latino,16 years and over
2011,804,Represented by unions,All Industries,All Occupations,Both Sexes,All Races,Hispanic or Latino,16 years and over
2012,823,Represented by unions,All Industries,All Occupations,Both Sexes,All Races,Hispanic or Latino,16 years and over
2013,832,Represented by unions,All Industries,All Occupations,Both Sexes,All Races,Hispanic or Latino,16 years and over
2014,795,Represented by unions,All Industries,All Occupations,Both Sexes,All Races,Hispanic or Latino,16 years and over
2015,847,Represented by unions,All Industries,All Occupations,Both Sexes,All Races,Hispanic or Latino,16 years and over
2016,876,Represented by unions,All Industries,All Occupations,Both Sexes,All Races,Hispanic or Latino,16 years and over
2017,880,Represented by unions,All Industries,All Occupations,Both Sexes,All Races,Hispanic or Latino,16 years and over
2018,900,Represented by unions,All Industries,All Occupations,Both Sexes,All Races,Hispanic or Latino,16 years and over
2000,381,Non-union,All Industries,All Occupations,Both Sexes,All Races,Hispanic or Latino,16 years and over
2001,402,Non-union,All Industries,All Occupations,Both Sexes,All Races,Hispanic or Latino,16 years and over
2002,409,Non-union,All Industries,All Occupations,Both Sexes,All Races,Hispanic or Latino,16 years and over
2003,419,Non-union,All Industries,All Occupations,Both Sexes,All Races,Hispanic or Latino,16 years and over
2004,428,Non-union,All Industries,All Occupations,Both Sexes,All Races,Hispanic or Latino,16 years and over
2005,449,Non-union,All Industries,All Occupations,Both Sexes,All Races,Hispanic or Latino,16 years and over
2006,469,Non-union,All Industries,All Occupations,Both Sexes,All Races,Hispanic or Latino,16 years and over
2007,487,Non-union,All Industries,All Occupations,Both Sexes,All Races,Hispanic or Latino,16 years and over
2008,512,Non-union,All Industries,All Occupations,Both Sexes,All Races,Hispanic or Latino,16 years and over
2009,516,Non-union,All Industries,All Occupations,Both Sexes,All Races,Hispanic or Latino,16 years and over
2010,512,Non-union,All Industries,All Occupations,Both Sexes,All Races,Hispanic or Latino,16 years and over
2011,520,Non-union,All Industries,All Occupations,Both Sexes,All Races,Hispanic or Latino,16 years and over
2012,530,Non-union,All Industries,All Occupations,Both Sexes,All Races,Hispanic or Latino,16 years and over
2013,547,Non-union,All Industries,All Occupations,Both Sexes,All Races,Hispanic or Latino,16 years and over
2014,573,Non-union,All Industries,All Occupations,Both Sexes,All Races,Hispanic or Latino,16 years and over
2015,586,Non-union,All Industries,All Occupations,Both Sexes,All Races,Hispanic or Latino,16 years and over
2016,608,Non-union,All Industries,All Occupations,Both Sexes,All Races,Hispanic or Latino,16 years and over
2017,629,Non-union,All Industries,All Occupations,Both Sexes,All Races,Hispanic or Latino,16 years and over
2018,657,Non-union,All Industries,All Occupations,Both Sexes,All Races,Hispanic or Latino,16 years and over
